year,abbr,pres_margin,pres_margin_str,relative_margin,relative_margin_str,national_margin,national_margin_str,electoral_votes
2000,AK,-0.3587389712745838,R+35.9,-0.3638724296440643,R+36.4,0.0051334583694805,D+0.5,3
2000,AL,-0.1521388384266218,R+15.2,-0.1572722967961024,R+15.7,0.0051334583694805,D+0.5,9
2000,AR,-0.0560137902084161,R+5.6,-0.0611472485778966,R+6.1,0.0051334583694805,D+0.5,6
2000,AZ,-0.0656519833427971,R+6.6,-0.0707854417122776,R+7.1,0.0051334583694805,D+0.5,8
2000,CA,0.1240597999814357,D+12.4,0.1189263416119551,D+11.9,0.0051334583694805,D+0.5,54
2000,CO,-0.0897183988655805,R+9.0,-0.0948518572350611,R+9.5,0.0051334583694805,D+0.5,8
2000,CT,0.1851131609770904,D+18.5,0.1799797026076098,D+18.0,0.0051334583694805,D+0.5,8
2000,DC,0.8097538895555696,D+81.0,0.8046204311860891,D+80.5,0.0051334583694805,D+0.5,3
2000,DE,0.1348012957057689,D+13.5,0.1296678373362883,D+13.0,0.0051334583694805,D+0.5,3
2000,FL,-9.21881606710886e-05,R+0.0,-0.0052256465301516,R+0.5,0.0051334583694805,D+0.5,25
2000,GA,-0.1196750724580532,R+12.0,-0.1248085308275337,R+12.5,0.0051334583694805,D+0.5,13
2000,HI,0.1965459256085868,D+19.7,0.1914124672391062,D+19.1,0.0051334583694805,D+0.5,4
2000,IA,0.0032555837503633,D+0.3,-0.0018778746191172,R+0.2,0.0051334583694805,D+0.5,7
2000,ID,-0.4169698091148801,R+41.7,-0.4221032674843606,R+42.2,0.0051334583694805,D+0.5,4
2000,IL,0.1236002063167917,D+12.4,0.1184667479473112,D+11.8,0.0051334583694805,D+0.5,22
2000,IN,-0.1600956506516387,R+16.0,-0.1652291090211192,R+16.5,0.0051334583694805,D+0.5,12
2000,KS,-0.2183381492705617,R+21.8,-0.2234716076400422,R+22.3,0.0051334583694805,D+0.5,6
2000,KY,-0.1545523053135315,R+15.5,-0.159685763683012,R+16.0,0.0051334583694805,D+0.5,8
2000,LA,-0.0787849193269445,R+7.9,-0.0839183776964251,R+8.4,0.0051334583694805,D+0.5,9
2000,MA,0.2957868752126762,D+29.6,0.2906534168431957,D+29.1,0.0051334583694805,D+0.5,12
2000,MD,0.1686459788490858,D+16.9,0.1635125204796053,D+16.4,0.0051334583694805,D+0.5,10
2000,ME,0.0549568308200083,D+5.5,0.0498233724505277,D+5.0,0.0051334583694805,D+0.5,5
2000,MI,0.0526921296346819,D+5.3,0.0475586712652013,D+4.8,0.0051334583694805,D+0.5,18
2000,MN,0.0257282395162263,D+2.6,0.0205947811467458,D+2.1,0.0051334583694805,D+0.5,10
2000,MO,-0.0342389731350133,R+3.4,-0.0393724315044938,R+3.9,0.0051334583694805,D+0.5,11
2000,MS,-0.1721096967849258,R+17.2,-0.1772431551544063,R+17.7,0.0051334583694805,D+0.5,7
2000,MT,-0.2731272395733944,R+27.3,-0.2782606979428749,R+27.8,0.0051334583694805,D+0.5,3
2000,NC,-0.129279939630061,R+12.9,-0.1344133979995415,R+13.4,0.0051334583694805,D+0.5,14
2000,ND,-0.2945479314123256,R+29.5,-0.2996813897818062,R+30.0,0.0051334583694805,D+0.5,3
2000,NE,-0.3035896172417004,R+30.4,-0.308723075611181,R+30.9,0.0051334583694805,D+0.5,6
2000,NH,-0.0133560039043761,R+1.3,-0.0184894622738566,R+1.8,0.0051334583694805,D+0.5,4
2000,NJ,0.1642281883344185,D+16.4,0.159094729964938,D+15.9,0.0051334583694805,D+0.5,15
2000,NM,0.0006385205861828,D+0.1,-0.0044949377832977,R+0.4,0.0051334583694805,D+0.5,5
2000,NV,-0.0371367699934485,R+3.7,-0.0422702283629291,R+4.2,0.0051334583694805,D+0.5,4
2000,NY,0.2715198316602137,D+27.2,0.2663863732907331,D+26.6,0.0051334583694805,D+0.5,33
2000,OH,-0.0367744444133215,R+3.7,-0.041907902782802,R+4.2,0.0051334583694805,D+0.5,21
2000,OK,-0.2216134244423783,R+22.2,-0.2267468828118588,R+22.7,0.0051334583694805,D+0.5,8
2000,OR,0.0047178397106112,D+0.5,-0.0004156186588692,R+0.0,0.0051334583694805,D+0.5,7
2000,PA,0.042969574336063,D+4.3,0.0378361159665824,D+3.8,0.0051334583694805,D+0.5,23
2000,RI,0.3129823213519864,D+31.3,0.3078488629825058,D+30.8,0.0051334583694805,D+0.5,4
2000,SC,-0.1632421213530052,R+16.3,-0.1683755797224857,R+16.8,0.0051334583694805,D+0.5,8
2000,SD,-0.2322942514474772,R+23.2,-0.2374277098169578,R+23.7,0.0051334583694805,D+0.5,3
2000,TN,-0.0392573357035801,R+3.9,-0.0443907940730607,R+4.4,0.0051334583694805,D+0.5,11
2000,TX,-0.2191254029712588,R+21.9,-0.2242588613407393,R+22.4,0.0051334583694805,D+0.5,32
2000,UT,-0.4345101086264828,R+43.5,-0.4396435669959633,R+44.0,0.0051334583694805,D+0.5,5
2000,VA,-0.082944726116665,R+8.3,-0.0880781844861455,R+8.8,0.0051334583694805,D+0.5,13
2000,VT,0.108807017935468,D+10.9,0.1036735595659874,D+10.4,0.0051334583694805,D+0.5,3
2000,WA,0.0588954201881082,D+5.9,0.0537619618186276,D+5.4,0.0051334583694805,D+0.5,11
2000,WI,0.0023013660631561,D+0.2,-0.0028320923063244,R+0.3,0.0051334583694805,D+0.5,11
2000,WV,-0.0648414803187483,R+6.5,-0.0699749386882288,R+7.0,0.0051334583694805,D+0.5,5
2000,WY,-0.4196461128063408,R+42.0,-0.4247795711758213,R+42.5,0.0051334583694805,D+0.5,3
2004,AK,-0.2645256596249263,R+26.5,-0.2398653595013787,R+24.0,-0.0246603001235475,R+2.5,3
2004,AL,-0.2579554270456449,R+25.8,-0.2332951269220974,R+23.3,-0.0246603001235475,R+2.5,9
2004,AR,-0.0987149650333556,R+9.9,-0.0740546649098081,R+7.4,-0.0246603001235475,R+2.5,6
2004,AZ,-0.1055001006097652,R+10.6,-0.0808398004862177,R+8.1,-0.0246603001235475,R+2.5,10
2004,CA,0.100826409056449,D+10.1,0.1254867091799966,D+12.5,-0.0246603001235475,R+2.5,55
2004,CO,-0.0473245911648526,R+4.7,-0.0226642910413051,R+2.3,-0.0246603001235475,R+2.5,9
2004,CT,0.1054989512116824,D+10.5,0.13015925133523,D+13.0,-0.0246603001235475,R+2.5,7
2004,DC,0.8104055729487214,D+81.0,0.835065873072269,D+83.5,-0.0246603001235475,R+2.5,3
2004,DE,0.0766301249018321,D+7.7,0.1012904250253796,D+10.1,-0.0246603001235475,R+2.5,3
2004,FL,-0.0504735915133757,R+5.0,-0.0258132913898281,R+2.6,-0.0246603001235475,R+2.5,27
2004,GA,-0.1670846539281911,R+16.7,-0.1424243538046435,R+14.2,-0.0246603001235475,R+2.5,15
2004,HI,0.0880889600586054,D+8.8,0.112749260182153,D+11.3,-0.0246603001235475,R+2.5,4
2004,IA,-0.0067335852542582,R+0.7,0.0179267148692892,D+1.8,-0.0246603001235475,R+2.5,7
2004,ID,-0.3864547636672861,R+38.6,-0.3617944635437385,R+36.2,-0.0246603001235475,R+2.5,4
2004,IL,0.104172680991069,D+10.4,0.1288329811146165,D+12.9,-0.0246603001235475,R+2.5,21
2004,IN,-0.2084695249931691,R+20.8,-0.1838092248696216,R+18.4,-0.0246603001235475,R+2.5,11
2004,KS,-0.2573419756216446,R+25.7,-0.232681675498097,R+23.3,-0.0246603001235475,R+2.5,6
2004,KY,-0.2001523983094785,R+20.0,-0.1754920981859309,R+17.5,-0.0246603001235475,R+2.5,8
2004,LA,-0.1466188253848698,R+14.7,-0.1219585252613223,R+12.2,-0.0246603001235475,R+2.5,9
2004,MA,0.2548571102598378,D+25.5,0.2795174103833853,D+28.0,-0.0246603001235475,R+2.5,12
2004,MD,0.131311684150024,D+13.1,0.1559719842735715,D+15.6,-0.0246603001235475,R+2.5,10
2004,ME,0.0916603282061721,D+9.2,0.1163206283297196,D+11.6,-0.0246603001235475,R+2.5,5
2004,MI,0.034516889359304,D+3.5,0.0591771894828516,D+5.9,-0.0246603001235475,R+2.5,17
2004,MN,0.0352182122133789,D+3.5,0.0598785123369265,D+6.0,-0.0246603001235475,R+2.5,10
2004,MO,-0.072394253308797,R+7.2,-0.0477339531852494,R+4.8,-0.0246603001235475,R+2.5,11
2004,MS,-0.1901000153924272,R+19.0,-0.1654397152688797,R+16.5,-0.0246603001235475,R+2.5,6
2004,MT,-0.210001523513267,R+21.0,-0.1853412233897195,R+18.5,-0.0246603001235475,R+2.5,3
2004,NC,-0.1248394400368223,R+12.5,-0.1001791399132747,R+10.0,-0.0246603001235475,R+2.5,15
2004,ND,-0.2781870829988658,R+27.8,-0.2535267828753182,R+25.4,-0.0246603001235475,R+2.5,3
2004,NE,-0.336946745191894,R+33.7,-0.3122864450683465,R+31.2,-0.0246603001235475,R+2.5,6
2004,NH,0.0138057724027462,D+1.4,0.0384660725262938,D+3.8,-0.0246603001235475,R+2.5,4
2004,NJ,0.0674107263768441,D+6.7,0.0920710265003916,D+9.2,-0.0246603001235475,R+2.5,15
2004,NM,-0.0080067177270976,R+0.8,0.0166535823964498,D+1.7,-0.0246603001235475,R+2.5,5
2004,NV,-0.0263519144972299,R+2.6,-0.0016916143736824,R+0.2,-0.0246603001235475,R+2.5,5
2004,NY,0.1965958131289222,D+19.7,0.2212561132524697,D+22.1,-0.0246603001235475,R+2.5,31
2004,OH,-0.0211748800957841,R+2.1,0.0034854200277634,D+0.3,-0.0246603001235475,R+2.5,20
2004,OK,-0.3114080332951212,R+31.1,-0.2867477331715736,R+28.7,-0.0246603001235475,R+2.5,7
2004,OR,0.0421725154890016,D+4.2,0.0668328156125491,D+6.7,-0.0246603001235475,R+2.5,7
2004,PA,0.0251656419412478,D+2.5,0.0498259420647953,D+5.0,-0.0246603001235475,R+2.5,21
2004,RI,0.2115502115175627,D+21.2,0.2362105116411103,D+23.6,-0.0246603001235475,R+2.5,4
2004,SC,-0.1727291651949841,R+17.3,-0.1480688650714365,R+14.8,-0.0246603001235475,R+2.5,8
2004,SD,-0.2182658160218737,R+21.8,-0.1936055158983261,R+19.4,-0.0246603001235475,R+2.5,3
2004,TN,-0.1437089090948145,R+14.4,-0.1190486089712669,R+11.9,-0.0246603001235475,R+2.5,11
2004,TX,-0.2302038379421983,R+23.0,-0.2055435378186508,R+20.6,-0.0246603001235475,R+2.5,34
2004,UT,-0.4669287832024408,R+46.7,-0.4422684830788932,R+44.2,-0.0246603001235475,R+2.5,5
2004,VA,-0.0826739342706011,R+8.3,-0.0580136341470536,R+5.8,-0.0246603001235475,R+2.5,13
2004,VT,0.2060200427850232,D+20.6,0.2306803429085708,D+23.1,-0.0246603001235475,R+2.5,3
2004,WA,0.0729307536690591,D+7.3,0.0975910537926066,D+9.8,-0.0246603001235475,R+2.5,11
2004,WI,0.0038360654853849,D+0.4,0.0284963656089324,D+2.8,-0.0246603001235475,R+2.5,10
2004,WV,-0.1295942125949096,R+13.0,-0.104933912471362,R+10.5,-0.0246603001235475,R+2.5,5
2004,WY,-0.406254063463434,R+40.6,-0.3815937633398865,R+38.2,-0.0246603001235475,R+2.5,3
2008,AK,-0.2212956983319419,R+22.1,-0.2967110439035474,R+29.7,0.0754153455716054,D+7.5,3
2008,AL,-0.2178180550714534,R+21.8,-0.2932334006430589,R+29.3,0.0754153455716054,D+7.5,9
2008,AR,-0.2034344122143452,R+20.3,-0.2788497577859506,R+27.9,0.0754153455716054,D+7.5,6
2008,AZ,-0.0862780143923264,R+8.6,-0.1616933599639319,R+16.2,0.0754153455716054,D+7.5,10
2008,CA,0.2455689918317081,D+24.6,0.1701536462601027,D+17.0,0.0754153455716054,D+7.5,55
2008,CO,0.0910126938634684,D+9.1,0.015597348291863,D+1.6,0.0754153455716054,D+7.5,9
2008,CT,0.2263667649950835,D+22.6,0.1509514194234781,D+15.1,0.0754153455716054,D+7.5,7
2008,DC,0.8680153666683132,D+86.8,0.7926000210967078,D+79.3,0.0754153455716054,D+7.5,3
2008,DE,0.2527627729977711,D+25.3,0.1773474274261657,D+17.7,0.0754153455716054,D+7.5,3
2008,FL,0.0283932006179859,D+2.8,-0.0470221449536195,R+4.7,0.0754153455716054,D+7.5,27
2008,GA,-0.0525667102162356,R+5.3,-0.1279820557878411,R+12.8,0.0754153455716054,D+7.5,15
2008,HI,0.4598745175691083,D+46.0,0.3844591719975028,D+38.4,0.0754153455716054,D+7.5,4
2008,IA,0.0969755557893469,D+9.7,0.0215602102177414,D+2.2,0.0754153455716054,D+7.5,7
2008,ID,-0.2604917961004109,R+26.0,-0.3359071416720164,R+33.6,0.0754153455716054,D+7.5,4
2008,IL,0.2546852808911872,D+25.5,0.1792699353195817,D+17.9,0.0754153455716054,D+7.5,21
2008,IN,0.0104390689075617,D+1.0,-0.0649762766640436,R+6.5,0.0754153455716054,D+7.5,11
2008,KS,-0.1522455163781887,R+15.2,-0.2276608619497942,R+22.8,0.0754153455716054,D+7.5,6
2008,KY,-0.1646685517540921,R+16.5,-0.2400838973256976,R+24.0,0.0754153455716054,D+7.5,8
2008,LA,-0.1891434832317073,R+18.9,-0.2645588288033128,R+26.5,0.0754153455716054,D+7.5,9
2008,MA,0.2639415642670591,D+26.4,0.1885262186954536,D+18.9,0.0754153455716054,D+7.5,12
2008,MD,0.2586017458577106,D+25.9,0.1831864002861051,D+18.3,0.0754153455716054,D+7.5,10
2008,ME,0.176590499668152,D+17.7,0.1011751540965466,D+10.1,0.0754153455716054,D+7.5,5
2008,MI,0.1674260315230904,D+16.7,0.0920106859514849,D+9.2,0.0754153455716054,D+7.5,17
2008,MN,0.1045874999078547,D+10.5,0.0291721543362492,D+2.9,0.0754153455716054,D+7.5,10
2008,MO,-0.0013515829935329,R+0.1,-0.0767669285651384,R+7.7,0.0754153455716054,D+7.5,11
2008,MS,-0.1328386198572767,R+13.3,-0.2082539654288822,R+20.8,0.0754153455716054,D+7.5,6
2008,MT,-0.0233880656788145,R+2.3,-0.09880341125042,R+9.9,0.0754153455716054,D+7.5,3
2008,NC,0.0033192660013462,D+0.3,-0.0720960795702592,R+7.2,0.0754153455716054,D+7.5,15
2008,ND,-0.0881731256393624,R+8.8,-0.1635884712109679,R+16.4,0.0754153455716054,D+7.5,3
2008,NE,-0.1521814884433128,R+15.2,-0.2275968340149183,R+22.8,0.0754153455716054,D+7.5,5
2008,NH,0.09737082240219,D+9.7,0.0219554768305845,D+2.2,0.0754153455716054,D+7.5,4
2008,NJ,0.1572925974284789,D+15.7,0.0818772518568735,D+8.2,0.0754153455716054,D+7.5,15
2008,NM,0.1532980003759518,D+15.3,0.0778826548043463,D+7.8,0.0754153455716054,D+7.5,5
2008,NV,0.127734762503922,D+12.8,0.0523194169323166,D+5.2,0.0754153455716054,D+7.5,5
2008,NY,0.3152771475956852,D+31.5,0.2398618020240798,D+24.0,0.0754153455716054,D+7.5,31
2008,OH,0.0466768152450824,D+4.7,-0.0287385303265229,R+2.9,0.0754153455716054,D+7.5,20
2008,OK,-0.31290162245387,R+31.3,-0.3883169680254755,R+38.8,0.0754153455716054,D+7.5,7
2008,OR,0.1682744235445435,D+16.8,0.0928590779729381,D+9.3,0.0754153455716054,D+7.5,7
2008,PA,0.104594076309689,D+10.5,0.0291787307380835,D+2.9,0.0754153455716054,D+7.5,21
2008,RI,0.2839627501829155,D+28.4,0.20854740461131,D+20.9,0.0754153455716054,D+7.5,4
2008,SC,-0.0908885837841826,R+9.1,-0.166303929355788,R+16.6,0.0754153455716054,D+7.5,8
2008,SD,-0.0859141446823075,R+8.6,-0.1613294902539129,R+16.1,0.0754153455716054,D+7.5,3
2008,TN,-0.1526294360470892,R+15.3,-0.2280447816186947,R+22.8,0.0754153455716054,D+7.5,11
2008,TX,-0.1187187350188144,R+11.9,-0.1941340805904198,R+19.4,0.0754153455716054,D+7.5,34
2008,UT,-0.2905272274548013,R+29.1,-0.3659425730264068,R+36.6,0.0754153455716054,D+7.5,5
2008,VA,0.063651688122551,D+6.4,-0.0117636574490543,R+1.2,0.0754153455716054,D+7.5,13
2008,VT,0.377983634786762,D+37.8,0.3025682892151565,D+30.3,0.0754153455716054,D+7.5,3
2008,WA,0.1750405360421789,D+17.5,0.0996251904705735,D+10.0,0.0754153455716054,D+7.5,11
2008,WI,0.1411135649563682,D+14.1,0.0656982193847628,D+6.6,0.0754153455716054,D+7.5,10
2008,WV,-0.133474875342745,R+13.3,-0.2088902209143505,R+20.9,0.0754153455716054,D+7.5,5
2008,WY,-0.3312404671019183,R+33.1,-0.4066558126735237,R+40.7,0.0754153455716054,D+7.5,3
2012,AK,-0.1463058096312074,R+14.6,-0.186503675615656,R+18.7,0.0401978659844485,D+4.0,3
2012,AL,-0.2243245706687541,R+22.4,-0.2645224366532027,R+26.5,0.0401978659844485,D+4.0,9
2012,AR,-0.2430881070245923,R+24.3,-0.2832859730090409,R+28.3,0.0401978659844485,D+4.0,6
2012,AZ,-0.0922676044740637,R+9.2,-0.1324654704585123,R+13.2,0.0401978659844485,D+4.0,11
2012,CA,0.2374562232659324,D+23.7,0.1972583572814838,D+19.7,0.0401978659844485,D+4.0,55
2012,CO,0.0549597662840503,D+5.5,0.0147619002996017,D+1.5,0.0401978659844485,D+4.0,9
2012,CT,0.1754515495381418,D+17.5,0.1352536835536932,D+13.5,0.0401978659844485,D+4.0,7
2012,DC,0.8517529840423503,D+85.2,0.8115551180579017,D+81.2,0.0401978659844485,D+4.0,3
2012,DE,0.1889390983855632,D+18.9,0.1487412324011146,D+14.9,0.0401978659844485,D+4.0,3
2012,FL,0.0088450427873246,D+0.9,-0.0313528231971239,R+3.1,0.0401978659844485,D+4.0,29
2012,GA,-0.0791329819611344,R+7.9,-0.119330847945583,R+11.9,0.0401978659844485,D+4.0,16
2012,HI,0.4340769700214884,D+43.4,0.3938791040370398,D+39.4,0.0401978659844485,D+4.0,4
2012,IA,0.0591870385620035,D+5.9,0.0189891725775549,D+1.9,0.0401978659844485,D+4.0,6
2012,ID,-0.3284277368715066,R+32.8,-0.3686256028559552,R+36.9,0.0401978659844485,D+4.0,4
2012,IL,0.1715504678423381,D+17.2,0.1313526018578895,D+13.1,0.0401978659844485,D+4.0,20
2012,IN,-0.104007491946546,R+10.4,-0.1442053579309946,R+14.4,0.0401978659844485,D+4.0,11
2012,KS,-0.222266534905061,R+22.2,-0.2624644008895096,R+26.2,0.0401978659844485,D+4.0,6
2012,KY,-0.2308554478760981,R+23.1,-0.2710533138605467,R+27.1,0.0401978659844485,D+4.0,8
2012,LA,-0.1749365122822795,R+17.5,-0.2151343782667281,R+21.5,0.0401978659844485,D+4.0,8
2012,MA,0.2357136149812002,D+23.6,0.1955157489967516,D+19.6,0.0401978659844485,D+4.0,11
2012,MD,0.2664345157381195,D+26.6,0.2262366497536709,D+22.6,0.0401978659844485,D+4.0,10
2012,ME,0.1571984278715422,D+15.7,0.1170005618870936,D+11.7,0.0401978659844485,D+4.0,5
2012,MI,0.0960106414235575,D+9.6,0.0558127754391089,D+5.6,0.0401978659844485,D+4.0,16
2012,MN,0.0788245292339638,D+7.9,0.0386266632495152,D+3.9,0.0401978659844485,D+4.0,10
2012,MO,-0.0955733350675994,R+9.6,-0.1357712010520479,R+13.6,0.0401978659844485,D+4.0,10
2012,MS,-0.1160379839757555,R+11.6,-0.1562358499602041,R+15.6,0.0401978659844485,D+4.0,6
2012,MT,-0.1406846372776291,R+14.1,-0.1808825032620777,R+18.1,0.0401978659844485,D+4.0,3
2012,NC,-0.0206806980600999,R+2.1,-0.0608785640445485,R+6.1,0.0401978659844485,D+4.0,15
2012,ND,-0.2022241657782345,R+20.2,-0.2424220317626831,R+24.2,0.0401978659844485,D+4.0,3
2012,NE,-0.2225878053645072,R+22.3,-0.2627856713489558,R+26.3,0.0401978659844485,D+4.0,6
2012,NH,0.056675039565162,D+5.7,0.0164771735807134,D+1.6,0.0401978659844485,D+4.0,4
2012,NJ,0.1790393110117155,D+17.9,0.1388414450272669,D+13.9,0.0401978659844485,D+4.0,14
2012,NM,0.1059040929381739,D+10.6,0.0657062269537253,D+6.6,0.0401978659844485,D+4.0,5
2012,NV,0.0681508432669306,D+6.8,0.027952977282482,D+2.8,0.0401978659844485,D+4.0,6
2012,NY,0.3208538974055478,D+32.1,0.2806560314210992,D+28.1,0.0401978659844485,D+4.0,29
2012,OH,0.0302811353849898,D+3.0,-0.0099167305994587,R+1.0,0.0401978659844485,D+4.0,18
2012,OK,-0.3354463948603312,R+33.5,-0.3756442608447797,R+37.6,0.0401978659844485,D+4.0,7
2012,OR,0.1254233435749477,D+12.5,0.0852254775904991,D+8.5,0.0401978659844485,D+4.0,7
2012,PA,0.0546386800378365,D+5.5,0.0144408140533879,D+1.4,0.0401978659844485,D+4.0,20
2012,RI,0.2803349195776424,D+28.0,0.2401370535931938,D+24.0,0.0401978659844485,D+4.0,4
2012,SC,-0.1061650940913074,R+10.6,-0.146362960075756,R+14.6,0.0401978659844485,D+4.0,9
2012,SD,-0.1843699827639048,R+18.4,-0.2245678487483534,R+22.5,0.0401978659844485,D+4.0,3
2012,TN,-0.2070214305258809,R+20.7,-0.2472192965103295,R+24.7,0.0401978659844485,D+4.0,11
2012,TX,-0.1601579443021276,R+16.0,-0.2003558102865762,R+20.0,0.0401978659844485,D+4.0,38
2012,UT,-0.4925237779029496,R+49.3,-0.5327216438873983,R+53.3,0.0401978659844485,D+4.0,6
2012,VA,0.0393475337752896,D+3.9,-0.0008503322091589,R+0.1,0.0401978659844485,D+4.0,13
2012,VT,0.3649451765278125,D+36.5,0.3247473105433639,D+32.5,0.0401978659844485,D+4.0,3
2012,WA,0.1525659654124369,D+15.3,0.1123680994279883,D+11.2,0.0401978659844485,D+4.0,12
2012,WI,0.0692685996574482,D+6.9,0.0290707336729997,D+2.9,0.0401978659844485,D+4.0,10
2012,WV,-0.2734859526408547,R+27.3,-0.3136838186253033,R+31.4,0.0401978659844485,D+4.0,5
2012,WY,-0.4232126802304286,R+42.3,-0.4634105462148771,R+46.3,0.0401978659844485,D+4.0,3
2016,AK,-0.1677130942213614,R+16.8,-0.1909643740280825,R+19.1,0.0232512798067211,D+2.3,3
2016,AL,-0.2874828718792149,R+28.7,-0.3107341516859361,R+31.1,0.0232512798067211,D+2.3,9
2016,AR,-0.2857027537954092,R+28.6,-0.3089540336021305,R+30.9,0.0232512798067211,D+2.3,6
2016,AZ,-0.0378004680207891,R+3.8,-0.0610517478275103,R+6.1,0.0232512798067211,D+2.3,11
2016,CA,0.3225644108545976,D+32.3,0.2993131310478764,D+29.9,0.0232512798067211,D+2.3,55
2016,CO,0.0536666674536487,D+5.4,0.0304153876469275,D+3.0,0.0232512798067211,D+2.3,9
2016,CT,0.1428309503452728,D+14.3,0.1195796705385516,D+12.0,0.0232512798067211,D+2.3,7
2016,DC,0.9139037668370816,D+91.4,0.8906524870303605,D+89.1,0.0232512798067211,D+2.3,3
2016,DE,0.1199724288736244,D+12.0,0.0967211490669032,D+9.7,0.0232512798067211,D+2.3,3
2016,FL,-0.0123767094555096,R+1.2,-0.0356279892622308,R+3.6,0.0232512798067211,D+2.3,29
2016,GA,-0.0532234519860642,R+5.3,-0.0764747317927854,R+7.6,0.0232512798067211,D+2.3,16
2016,HI,0.3488267490107091,D+34.9,0.3255754692039879,D+32.6,0.0232512798067211,D+2.3,4
2016,IA,-0.1012709569024069,R+10.1,-0.124522236709128,R+12.5,0.0232512798067211,D+2.3,6
2016,ID,-0.3662035336161117,R+36.6,-0.3894548134228329,R+38.9,0.0232512798067211,D+2.3,4
2016,IL,0.1804010278142296,D+18.0,0.1571497480075084,D+15.7,0.0232512798067211,D+2.3,20
2016,IN,-0.2023461904901614,R+20.2,-0.2255974702968826,R+22.6,0.0232512798067211,D+2.3,11
2016,KS,-0.2222294068521333,R+22.2,-0.2454806866588545,R+24.5,0.0232512798067211,D+2.3,6
2016,KY,-0.3134125803501972,R+31.3,-0.3366638601569184,R+33.7,0.0232512798067211,D+2.3,8
2016,LA,-0.2034335447561558,R+20.3,-0.226684824562877,R+22.7,0.0232512798067211,D+2.3,8
2016,MA,0.2930255737925899,D+29.3,0.2697742939858687,D+27.0,0.0232512798067211,D+2.3,11
2016,MD,0.2803249936953878,D+28.0,0.2570737138886666,D+25.7,0.0232512798067211,D+2.3,10
2016,ME,0.0319358225832506,D+3.2,0.0086845427765294,D+0.9,0.0232512798067211,D+2.3,4
2016,MI,-0.0023533643392309,R+0.2,-0.0256046441459521,R+2.6,0.0232512798067211,D+2.3,16
2016,MN,0.0166338741436096,D+1.7,-0.0066174056631114,R+0.7,0.0232512798067211,D+2.3,10
2016,MO,-0.1963712199113213,R+19.6,-0.2196224997180425,R+22.0,0.0232512798067211,D+2.3,10
2016,MS,-0.1817969464812011,R+18.2,-0.2050482262879223,R+20.5,0.0232512798067211,D+2.3,6
2016,MT,-0.2221932863404887,R+22.2,-0.2454445661472099,R+24.5,0.0232512798067211,D+2.3,3
2016,NC,-0.0380749160743743,R+3.8,-0.0613261958810955,R+6.1,0.0232512798067211,D+2.3,15
2016,ND,-0.3961848579303949,R+39.6,-0.4194361377371161,R+41.9,0.0232512798067211,D+2.3,3
2016,NE,-0.2709534822635513,R+27.1,-0.2942047620702726,R+29.4,0.0232512798067211,D+2.3,6
2016,NH,0.003940568847614,D+0.4,-0.0193107109591071,R+1.9,0.0232512798067211,D+2.3,4
2016,NJ,0.1456838028580258,D+14.6,0.1224325230513046,D+12.2,0.0232512798067211,D+2.3,14
2016,NM,0.0930158986864822,D+9.3,0.069764618879761,D+7.0,0.0232512798067211,D+2.3,5
2016,NV,0.0258741883997039,D+2.6,0.0026229085929828,D+0.3,0.0232512798067211,D+2.3,6
2016,NY,0.2682301299955074,D+26.8,0.2449788501887862,D+24.5,0.0232512798067211,D+2.3,29
2016,OH,-0.0853536915427181,R+8.5,-0.1086049713494392,R+10.9,0.0232512798067211,D+2.3,18
2016,OK,-0.3860947447665626,R+38.6,-0.4093460245732838,R+40.9,0.0232512798067211,D+2.3,7
2016,OR,0.123116778901087,D+12.3,0.0998654990943658,D+10.0,0.0232512798067211,D+2.3,7
2016,PA,-0.0075107161498032,R+0.8,-0.0307619959565244,R+3.1,0.0232512798067211,D+2.3,20
2016,RI,0.1662140818531962,D+16.6,0.1429628020464751,D+14.3,0.0232512798067211,D+2.3,4
2016,SC,-0.1492051272104804,R+14.9,-0.1724564070172015,R+17.2,0.0232512798067211,D+2.3,9
2016,SD,-0.319437161588625,R+31.9,-0.3426884413953462,R+34.3,0.0232512798067211,D+2.3,3
2016,TN,-0.2724868609052397,R+27.2,-0.295738140711961,R+29.6,0.0232512798067211,D+2.3,11
2016,TX,-0.0942645115594397,R+9.4,-0.1175157913661609,R+11.8,0.0232512798067211,D+2.3,38
2016,UT,-0.2476579669082257,R+24.8,-0.2709092467149469,R+27.1,0.0232512798067211,D+2.3,6
2016,VA,0.056527525543094,D+5.7,0.0332762457363728,D+3.3,0.0232512798067211,D+2.3,13
2016,VT,0.3037285264764074,D+30.4,0.2804772466696862,D+28.0,0.0232512798067211,D+2.3,3
2016,WA,0.1757386240012953,D+17.6,0.1524873441945741,D+15.2,0.0232512798067211,D+2.3,12
2016,WI,-0.0081597807605943,R+0.8,-0.0314110605673154,R+3.1,0.0232512798067211,D+2.3,10
2016,WV,-0.4432210450259155,R+44.3,-0.4664723248326367,R+46.6,0.0232512798067211,D+2.3,5
2016,WY,-0.5141063925830758,R+51.4,-0.5373576723897969,R+53.7,0.0232512798067211,D+2.3,3
2020,AK,-0.1052369744769862,R+10.5,-0.1505967168995601,R+15.1,0.0453597424225739,D+4.5,3
2020,AL,-0.2582274966670945,R+25.8,-0.3035872390896684,R+30.4,0.0453597424225739,D+4.5,9
2020,AR,-0.284248665559663,R+28.4,-0.3296084079822369,R+33.0,0.0453597424225739,D+4.5,6
2020,AZ,0.0031366335825862,D+0.3,-0.0422231088399876,R+4.2,0.0453597424225739,D+4.5,11
2020,CA,0.2981782272133513,D+29.8,0.2528184847907774,D+25.3,0.0453597424225739,D+4.5,55
2020,CO,0.138766389846003,D+13.9,0.0934066474234291,D+9.3,0.0453597424225739,D+4.5,9
2020,CT,0.2039009817615569,D+20.4,0.1585412393389829,D+15.9,0.0453597424225739,D+4.5,7
2020,DC,0.8893390769523889,D+88.9,0.843979334529815,D+84.4,0.0453597424225739,D+4.5,3
2020,DE,0.1925348832996894,D+19.3,0.1471751408771155,D+14.7,0.0453597424225739,D+4.5,3
2020,FL,-0.0338950932428311,R+3.4,-0.079254835665405,R+7.9,0.0453597424225739,D+4.5,29
2020,GA,0.0023865932581729,D+0.2,-0.042973149164401,R+4.3,0.0453597424225739,D+4.5,16
2020,HI,0.3006532929302976,D+30.1,0.2552935505077237,D+25.5,0.0453597424225739,D+4.5,4
2020,IA,-0.083665261692741,R+8.4,-0.129025004115315,R+12.9,0.0453597424225739,D+4.5,6
2020,ID,-0.3175428585015574,R+31.8,-0.3629026009241313,R+36.3,0.0453597424225739,D+4.5,4
2020,IL,0.1731808746561384,D+17.3,0.1278211322335644,D+12.8,0.0453597424225739,D+4.5,20
2020,IN,-0.1639009601488592,R+16.4,-0.2092607025714332,R+20.9,0.0453597424225739,D+4.5,11
2020,KS,-0.149868565112627,R+15.0,-0.1952283075352009,R+19.5,0.0453597424225739,D+4.5,6
2020,KY,-0.2640020580052593,R+26.4,-0.3093618004278333,R+30.9,0.0453597424225739,D+4.5,8
2020,LA,-0.1892888091258209,R+18.9,-0.2346485515483949,R+23.5,0.0453597424225739,D+4.5,8
2020,MA,0.3423109908029629,D+34.2,0.296951248380389,D+29.7,0.0453597424225739,D+4.5,11
2020,MD,0.3405809409418468,D+34.1,0.2952211985192728,D+29.5,0.0453597424225739,D+4.5,10
2020,ME,0.0934080916400794,D+9.3,0.0480483492175055,D+4.8,0.0453597424225739,D+4.5,4
2020,MI,0.0282711868881892,D+2.8,-0.0170885555343847,R+1.7,0.0453597424225739,D+4.5,16
2020,MN,0.0727902729713333,D+7.3,0.0274305305487594,D+2.7,0.0453597424225739,D+4.5,10
2020,MO,-0.1567164128880289,R+15.7,-0.2020761553106028,R+20.2,0.0453597424225739,D+4.5,10
2020,MS,-0.1676997165477772,R+16.8,-0.2130594589703511,R+21.3,0.0453597424225739,D+4.5,6
2020,MT,-0.167943601840962,R+16.8,-0.213303344263536,R+21.3,0.0453597424225739,D+4.5,3
2020,NC,-0.0136836506637344,R+1.4,-0.0590433930863084,R+5.9,0.0453597424225739,D+4.5,15
2020,ND,-0.3443481684579326,R+34.4,-0.3897079108805065,R+39.0,0.0453597424225739,D+4.5,3
2020,NE,-0.1956810449320345,R+19.6,-0.2410407873546085,R+24.1,0.0453597424225739,D+4.5,5
2020,NH,0.0749669544319008,D+7.5,0.0296072120093268,D+3.0,0.0453597424225739,D+4.5,4
2020,NJ,0.1614256717358968,D+16.1,0.1160659293133229,D+11.6,0.0453597424225739,D+4.5,14
2020,NM,0.1103698030343948,D+11.0,0.0650100606118208,D+6.5,0.0453597424225739,D+4.5,5
2020,NV,0.024462346800876,D+2.4,-0.0208973956216978,R+2.1,0.0453597424225739,D+4.5,6
2020,NY,0.2343366978602448,D+23.4,0.1889769554376709,D+18.9,0.0453597424225739,D+4.5,29
2020,OH,-0.0815339529540543,R+8.2,-0.1268936953766282,R+12.7,0.0453597424225739,D+4.5,18
2020,OK,-0.3388007899381303,R+33.9,-0.3841605323607042,R+38.4,0.0453597424225739,D+4.5,7
2020,OR,0.1661431397088346,D+16.6,0.1207833972862606,D+12.1,0.0453597424225739,D+4.5,7
2020,PA,0.0117841051869811,D+1.2,-0.0335756372355927,R+3.4,0.0453597424225739,D+4.5,20
2020,RI,0.2119871976791852,D+21.2,0.1666274552566112,D+16.7,0.0453597424225739,D+4.5,4
2020,SC,-0.1185321749916419,R+11.9,-0.1638919174142158,R+16.4,0.0453597424225739,D+4.5,9
2020,SD,-0.2686955972336299,R+26.9,-0.3140553396562039,R+31.4,0.0453597424225739,D+4.5,3
2020,TN,-0.236555407441327,R+23.7,-0.281915149863901,R+28.2,0.0453597424225739,D+4.5,11
2020,TX,-0.0566144247355906,R+5.7,-0.1019741671581645,R+10.2,0.0453597424225739,D+4.5,38
2020,UT,-0.2138721024370326,R+21.4,-0.2592318448596066,R+25.9,0.0453597424225739,D+4.5,6
2020,VA,0.1030937399879981,D+10.3,0.0577339975654242,D+5.8,0.0453597424225739,D+4.5,13
2020,VT,0.3659837310561312,D+36.6,0.3206239886335573,D+32.1,0.0453597424225739,D+4.5,3
2020,WA,0.1985100636958138,D+19.9,0.1531503212732399,D+15.3,0.0453597424225739,D+4.5,12
2020,WI,0.0063812653306798,D+0.6,-0.038978477091894,R+3.9,0.0453597424225739,D+4.5,10
2020,WV,-0.3959706462784406,R+39.6,-0.4413303887010145,R+44.1,0.0453597424225739,D+4.5,5
2020,WY,-0.4496086875117019,R+45.0,-0.4949684299342758,R+49.5,0.0453597424225739,D+4.5,3
2024,AK,-0.1369312508474994,R+13.7,-0.1219345594132992,R+12.2,-0.0149966914342001,R+1.5,3
2024,AL,-0.3088122385938789,R+30.9,-0.2938155471596788,R+29.4,-0.0149966914342001,R+1.5,9
2024,AR,-0.3133998647229675,R+31.3,-0.2984031732887673,R+29.8,-0.0149966914342001,R+1.5,6
2024,AZ,-0.0558831792173336,R+5.6,-0.0408864877831335,R+4.1,-0.0149966914342001,R+1.5,11
2024,CA,0.2080028514359668,D+20.8,0.2229995428701669,D+22.3,-0.0149966914342001,R+1.5,54
2024,CO,0.1129308346213292,D+11.3,0.1279275260555293,D+12.8,-0.0149966914342001,R+1.5,10
2024,CT,0.1475646497251833,D+14.8,0.1625613411593835,D+16.3,-0.0149966914342001,R+1.5,7
2024,DC,0.8662949112005608,D+86.6,0.8812916026347609,D+88.1,-0.0149966914342001,R+1.5,3
2024,DE,0.1495847128299633,D+15.0,0.1645814042641635,D+16.5,-0.0149966914342001,R+1.5,3
2024,FL,-0.1322213886698459,R+13.2,-0.1172246972356457,R+11.7,-0.0149966914342001,R+1.5,30
2024,GA,-0.0220873230279628,R+2.2,-0.0070906315937626,R+0.7,-0.0149966914342001,R+1.5,16
2024,HI,0.23560651661223,D+23.6,0.2506032080464301,D+25.1,-0.0149966914342001,R+1.5,4
2024,IA,-0.1344559770959623,R+13.4,-0.1194592856617622,R+11.9,-0.0149966914342001,R+1.5,6
2024,ID,-0.3752184118025307,R+37.5,-0.3602217203683306,R+36.0,-0.0149966914342001,R+1.5,4
2024,IL,0.1113553081654342,D+11.1,0.1263519995996344,D+12.6,-0.0149966914342001,R+1.5,19
2024,IN,-0.1930491166629102,R+19.3,-0.1780524252287101,R+17.8,-0.0149966914342001,R+1.5,11
2024,KS,-0.1641147389455032,R+16.4,-0.149118047511303,R+14.9,-0.0149966914342001,R+1.5,6
2024,KY,-0.3102814203220417,R+31.0,-0.2952847288878416,R+29.5,-0.0149966914342001,R+1.5,8
2024,LA,-0.2235702081883187,R+22.4,-0.2085735167541185,R+20.9,-0.0149966914342001,R+1.5,8
2024,MA,0.2591063884083852,D+25.9,0.2741030798425853,D+27.4,-0.0149966914342001,R+1.5,11
2024,MD,0.2950951405436184,D+29.5,0.3100918319778186,D+31.0,-0.0149966914342001,R+1.5,10
2024,ME,0.0708861163994892,D+7.1,0.0858828078336893,D+8.6,-0.0149966914342001,R+1.5,4
2024,MI,-0.0144247365783393,R+1.4,0.0005719548558608,D+0.1,-0.0149966914342001,R+1.5,15
2024,MN,0.0434340435218895,D+4.3,0.0584307349560897,D+5.8,-0.0149966914342001,R+1.5,10
2024,MO,-0.1867472062616317,R+18.7,-0.1717505148274316,R+17.2,-0.0149966914342001,R+1.5,10
2024,MS,-0.2314502821118368,R+23.1,-0.2164535906776367,R+21.6,-0.0149966914342001,R+1.5,6
2024,MT,-0.205780970401637,R+20.6,-0.1907842789674368,R+19.1,-0.0149966914342001,R+1.5,4
2024,NC,-0.032606802026008,R+3.3,-0.0176101105918079,R+1.8,-0.0149966914342001,R+1.5,16
2024,ND,-0.3739298613278637,R+37.4,-0.3589331698936636,R+35.9,-0.0149966914342001,R+1.5,3
2024,NE,-0.2084068330389779,R+20.8,-0.1934101416047778,R+19.3,-0.0149966914342001,R+1.5,5
2024,NH,0.0282121494672676,D+2.8,0.0432088409014677,D+4.3,-0.0149966914342001,R+1.5,4
2024,NJ,0.0602774743323351,D+6.0,0.0752741657665353,D+7.5,-0.0149966914342001,R+1.5,14
2024,NM,0.061418122286473,D+6.1,0.0764148137206732,D+7.6,-0.0149966914342001,R+1.5,5
2024,NV,-0.0315901790851701,R+3.2,-0.01659348765097,R+1.7,-0.0149966914342001,R+1.5,6
2024,NY,0.1268948611713893,D+12.7,0.1418915526055895,D+14.2,-0.0149966914342001,R+1.5,28
2024,OH,-0.1131322942727407,R+11.3,-0.0981356028385405,R+9.8,-0.0149966914342001,R+1.5,17
2024,OK,-0.3494008381234161,R+34.9,-0.334404146689216,R+33.4,-0.0149966914342001,R+1.5,7
2024,OR,0.1486611606977519,D+14.9,0.163657852131952,D+16.4,-0.0149966914342001,R+1.5,8
2024,PA,-0.0172638469212715,R+1.7,-0.0022671554870713,R+0.2,-0.0149966914342001,R+1.5,19
2024,RI,0.1416240626789067,D+14.2,0.1566207541131068,D+15.7,-0.0149966914342001,R+1.5,4
2024,SC,-0.1812336522703814,R+18.1,-0.1662369608361812,R+16.6,-0.0149966914342001,R+1.5,9
2024,SD,-0.2989019907385306,R+29.9,-0.2839052993043304,R+28.4,-0.0149966914342001,R+1.5,3
2024,TN,-0.3012109965499333,R+30.1,-0.2862143051157332,R+28.6,-0.0149966914342001,R+1.5,11
2024,TX,-0.1387806780161845,R+13.9,-0.1237839865819844,R+12.4,-0.0149966914342001,R+1.5,40
2024,UT,-0.222106992333986,R+22.2,-0.2071103008997858,R+20.7,-0.0149966914342001,R+1.5,6
2024,VA,0.0590207868531316,D+5.9,0.0740174782873317,D+7.4,-0.0149966914342001,R+1.5,13
2024,VT,0.3277043577168019,D+32.8,0.342701049151002,D+34.3,-0.0149966914342001,R+1.5,3
2024,WA,0.1892955147941152,D+18.9,0.2042922062283153,D+20.4,-0.0149966914342001,R+1.5,12
2024,WI,-0.0087338878234505,R+0.9,0.0062628036107496,D+0.6,-0.0149966914342001,R+1.5,10
2024,WV,-0.426877845600476,R+42.7,-0.4118811541662759,R+41.2,-0.0149966914342001,R+1.5,4
2024,WY,-0.4695834604821483,R+47.0,-0.4545867690479482,R+45.5,-0.0149966914342001,R+1.5,3
2028,AK,-0.08188822307502705,R+8.2,-0.0961270060508923,R+9.3,0.01105059612098691,D+1.1,3
2028,AL,-0.19870816616654083,R+19.9,-0.21294694914240608,R+21.0,0.01105059612098691,D+1.1,9
2028,AR,-0.12267309962730746,R+12.3,-0.13691188260317272,R+13.4,0.01105059612098691,D+1.1,6
2028,AZ,-0.1281893910515373,R+12.8,-0.14242817402740254,R+13.9,0.01105059612098691,D+1.1,11
2028,CA,0.13225072114635303,D+13.2,0.11801193817048777,D+12.1,0.01105059612098691,D+1.1,54
2028,CO,0.19328104722934739,D+19.3,0.17904226425348213,D+18.2,0.01105059612098691,D+1.1,10
2028,CT,0.24758893132911822,D+24.8,0.23335014835325296,D+23.7,0.01105059612098691,D+1.1,7
2028,DC,0.859976543949169,D+86.0,0.8457377609733038,D+84.9,0.01105059612098691,D+1.1,3
2028,DE,0.17286441641256864,D+17.3,0.15862563343670338,D+16.2,0.01105059612098691,D+1.1,3
2028,FL,-0.17130886078518956,R+17.1,-0.18554764376105481,R+18.2,0.01105059612098691,D+1.1,30
2028,GA,0.03855458817970729,D+3.9,0.024315805203842036,D+2.8,0.01105059612098691,D+1.1,16
2028,HI,0.4253493603357267,D+42.5,0.4111105773598614,D+41.4,0.01105059612098691,D+1.1,4
2028,IA,0.021930100218989914,D+2.2,0.007691317243124655,D+1.1,0.01105059612098691,D+1.1,6
2028,ID,-0.3341410372706711,R+33.4,-0.3483798202465364,R+34.5,0.01105059612098691,D+1.1,4
2028,IL,0.15261520918066468,D+15.3,0.13837642620479942,D+14.2,0.01105059612098691,D+1.1,19
2028,IN,-0.09957627221011459,R+10.0,-0.11381505518597984,R+11.1,0.01105059612098691,D+1.1,11
2028,KS,-0.0036302979436592907,R+0.4,-0.01786908091952455,R+1.5,0.01105059612098691,D+1.1,6
2028,KY,-0.17238360930722205,R+17.2,-0.1866223922830873,R+18.3,0.01105059612098691,D+1.1,8
2028,LA,-0.06172017978147523,R+6.2,-0.07595896275734049,R+7.3,0.01105059612098691,D+1.1,8
2028,MA,0.21112421451596783,D+21.1,0.19688543154010257,D+20.0,0.01105059612098691,D+1.1,11
2028,MD,0.2857762677052739,D+28.6,0.27153748472940864,D+27.5,0.01105059612098691,D+1.1,10
2028,ME,0.11763089284703458,D+11.8,0.10339210987116933,D+10.7,0.01105059612098691,D+1.1,4
2028,MI,0.10057076319051157,D+10.1,0.08633198021464632,D+9.0,0.01105059612098691,D+1.1,15
2028,MN,0.03265504835843437,D+3.3,0.018416265382569116,D+2.2,0.01105059612098691,D+1.1,10
2028,MO,-0.03311924430106972,R+3.3,-0.04735802727693497,R+4.4,0.01105059612098691,D+1.1,10
2028,MS,-0.21487768563668827,R+21.5,-0.22911646861255353,R+22.6,0.01105059612098691,D+1.1,6
2028,MT,-0.17404553129140768,R+17.4,-0.18828431426727293,R+18.5,0.01105059612098691,D+1.1,4
2028,NC,-0.00787751204922046,R+0.8,-0.02211629502508572,R+1.9,0.01105059612098691,D+1.1,16
2028,ND,-0.16737898519954383,R+16.7,-0.1816177681754091,R+17.8,0.01105059612098691,D+1.1,3
2028,NE,-0.14684163663943736,R+14.7,-0.16108041961530262,R+15.8,0.01105059612098691,D+1.1,5
2028,NH,0.052746404903487636,D+5.3,0.03850762192762238,D+4.2,0.01105059612098691,D+1.1,4
2028,NJ,0.0973832546561495,D+9.7,0.08314447168028424,D+8.6,0.01105059612098691,D+1.1,14
2028,NM,0.039279890765214126,D+3.9,0.02504110778934887,D+2.8,0.01105059612098691,D+1.1,5
2028,NV,0.060605339648709095,D+6.1,0.04636655667284384,D+5.0,0.01105059612098691,D+1.1,6
2028,NY,0.02931263016679878,D+2.9,0.01507384719093352,D+1.8,0.01105059612098691,D+1.1,28
2028,OH,0.006998338084750488,D+0.7,-0.007240444891114771,R+0.4,0.01105059612098691,D+1.1,17
2028,OK,-0.1653701710567412,R+16.5,-0.17960895403260646,R+17.6,0.01105059612098691,D+1.1,7
2028,OR,0.18676878700898583,D+18.7,0.17253000403312058,D+17.6,0.01105059612098691,D+1.1,8
2028,PA,0.06420228072121291,D+6.4,0.049963497745347654,D+5.3,0.01105059612098691,D+1.1,19
2028,RI,0.18191535018982477,D+18.2,0.16767656721395952,D+17.1,0.01105059612098691,D+1.1,4
2028,SC,-0.15303622082458299,R+15.3,-0.16727500380044824,R+16.4,0.01105059612098691,D+1.1,9
2028,SD,-0.1491749874850176,R+14.9,-0.16341377046088285,R+16.0,0.01105059612098691,D+1.1,3
2028,TN,-0.1733787659213428,R+17.3,-0.18761754889720805,R+18.4,0.01105059612098691,D+1.1,11
2028,TX,-0.1660044108753772,R+16.6,-0.18024319385124246,R+17.7,0.01105059612098691,D+1.1,40
2028,UT,-0.14112630378775592,R+14.1,-0.15536508676362118,R+15.2,0.01105059612098691,D+1.1,6
2028,VA,0.11846671600435513,D+11.8,0.10422793302848987,D+10.7,0.01105059612098691,D+1.1,13
2028,VT,0.23861123445962476,D+23.9,0.2243724514837595,D+22.8,0.01105059612098691,D+1.1,3
2028,WA,0.27001633808204334,D+27.0,0.25577755510617806,D+25.9,0.01105059612098691,D+1.1,12
2028,WI,0.06878308936521126,D+6.9,0.054544306389346,D+5.8,0.01105059612098691,D+1.1,10
2028,WV,-0.14683836279504126,R+14.7,-0.1610771457709065,R+15.8,0.01105059612098691,D+1.1,4
2028,WY,-0.37657923911737445,R+37.7,-0.39081802209323974,R+38.8,0.01105059612098691,D+1.1,3
2032,AK,0.19229566662235376,D+19.2,-0.08887172277118793,R+8.1,0.2734888606700809,D+27.3,3
2032,AL,0.12841765728870447,D+12.8,-0.15274973210483722,R+14.5,0.2734888606700809,D+27.3,9
2032,AR,0.23174292437504254,D+23.2,-0.04942446501849915,R+4.2,0.2734888606700809,D+27.3,6
2032,AZ,0.14712543317108384,D+14.7,-0.13404195622245785,R+12.6,0.2734888606700809,D+27.3,11
2032,CA,0.4063241634057041,D+40.6,0.1251567740121624,D+13.3,0.2734888606700809,D+27.3,54
2032,CO,0.4887493587698909,D+48.9,0.2075819693763492,D+21.5,0.2734888606700809,D+27.3,10
2032,CT,0.5606803355167468,D+56.1,0.2795129461232051,D+28.7,0.2734888606700809,D+27.3,7
2032,DC,1.1049907196491318,D+110.5,0.8238233302555901,D+83.2,0.2734888606700809,D+27.3,3
2032,DE,0.44393173190623914,D+44.4,0.16276434251269747,D+17.0,0.2734888606700809,D+27.3,3
2032,FL,0.04894024390560181,D+4.9,-0.23222714548793988,R+22.5,0.2734888606700809,D+27.3,30
2032,GA,0.29549532588602473,D+29.5,0.014327936492483054,D+2.2,0.2734888606700809,D+27.3,16
2032,HI,0.556604410124693,D+55.7,0.27543702073115134,D+28.3,0.2734888606700809,D+27.3,4
2032,IA,0.32230556187579595,D+32.2,0.04113817248225426,D+4.9,0.2734888606700809,D+27.3,6
2032,ID,-0.06257383460883442,R+6.3,-0.3437412240023761,R+33.6,0.2734888606700809,D+27.3,4
2032,IL,0.4195263823798694,D+42.0,0.1383589929863277,D+14.6,0.2734888606700809,D+27.3,19
2032,IN,0.10770331315807188,D+10.8,-0.1734640762354698,R+16.6,0.2734888606700809,D+27.3,11
2032,KS,0.3526648165147289,D+35.3,0.07149742712118723,D+7.9,0.2734888606700809,D+27.3,6
2032,KY,0.12199920048978222,D+12.2,-0.15916818890375947,R+15.1,0.2734888606700809,D+27.3,8
2032,LA,0.2992974665957856,D+29.9,0.01813007720224391,D+2.6,0.2734888606700809,D+27.3,8
2032,MA,0.5442001446868713,D+54.4,0.2630327552933296,D+27.1,0.2734888606700809,D+27.3,11
2032,MD,0.5119973580457224,D+51.2,0.23082996865218072,D+23.9,0.2734888606700809,D+27.3,10
2032,ME,0.3291953052575473,D+32.9,0.04802791586400561,D+5.6,0.2734888606700809,D+27.3,4
2032,MI,0.3542093609791001,D+35.4,0.0730419715855584,D+8.1,0.2734888606700809,D+27.3,15
2032,MN,0.2857418445097974,D+28.6,0.0045744551162557184,D+1.2,0.2734888606700809,D+27.3,10
2032,MO,0.24541314852154406,D+24.5,-0.03575424087199765,R+2.8,0.2734888606700809,D+27.3,10
2032,MS,0.044562883108428375,D+4.5,-0.23660450628511331,R+22.9,0.2734888606700809,D+27.3,6
2032,MT,0.09502107013633629,D+9.5,-0.1861463192572054,R+17.8,0.2734888606700809,D+27.3,4
2032,NC,0.2596532438492115,D+26.0,-0.021514145544330177,R+1.4,0.2734888606700809,D+27.3,16
2032,ND,0.04152737413895441,D+4.2,-0.23964001525458728,R+23.2,0.2734888606700809,D+27.3,3
2032,NE,0.1490081874471908,D+14.9,-0.1321592019463509,R+12.4,0.2734888606700809,D+27.3,5
2032,NH,0.3241789756319622,D+32.4,0.0430115862384205,D+5.1,0.2734888606700809,D+27.3,4
2032,NJ,0.35849341051043615,D+35.8,0.07732602111689445,D+8.5,0.2734888606700809,D+27.3,14
2032,NM,0.2727124400571451,D+27.3,-0.008454949336396567,R+0.1,0.2734888606700809,D+27.3,5
2032,NV,0.29903209694522903,D+29.9,0.01786470755168737,D+2.6,0.2734888606700809,D+27.3,6
2032,NY,0.21065675002301665,D+21.1,-0.07051063937052504,R+6.3,0.2734888606700809,D+27.3,28
2032,OH,0.2823309048006906,D+28.2,0.0011635154071489504,D+0.9,0.2734888606700809,D+27.3,17
2032,OK,0.19576360393999082,D+19.6,-0.08540378545355089,R+7.8,0.2734888606700809,D+27.3,7
2032,OR,0.4619090101635063,D+46.2,0.18074162076996458,D+18.8,0.2734888606700809,D+27.3,8
2032,PA,0.3233772981630649,D+32.3,0.042209908769523206,D+5.0,0.2734888606700809,D+27.3,19
2032,RI,0.46557680068218266,D+46.6,0.18440941128864097,D+19.2,0.2734888606700809,D+27.3,4
2032,SC,0.11277157396137708,D+11.3,-0.16839581543216461,R+16.1,0.2734888606700809,D+27.3,9
2032,SD,0.07140866941783747,D+7.1,-0.20975871997570422,R+20.2,0.2734888606700809,D+27.3,3
2032,TN,0.17239734007580088,D+17.2,-0.10877004931774081,R+10.1,0.2734888606700809,D+27.3,11
2032,TX,0.06987845794836936,D+7.0,-0.21128893144517233,R+20.4,0.2734888606700809,D+27.3,40
2032,UT,0.09511992832368812,D+9.5,-0.18604746106985356,R+17.8,0.2734888606700809,D+27.3,6
2032,VA,0.39539745184802333,D+39.5,0.11423006245448164,D+12.2,0.2734888606700809,D+27.3,13
2032,VT,0.42989752530865777,D+43.0,0.14873013591511608,D+15.6,0.2734888606700809,D+27.3,3
2032,WA,0.5699787414130068,D+57.0,0.28881135201946506,D+29.6,0.2734888606700809,D+27.3,12
2032,WI,0.2885661819666562,D+28.9,0.007398792573114503,D+1.5,0.2734888606700809,D+27.3,10
2032,WV,0.20015310786052418,D+20.0,-0.08101428153301751,R+7.3,0.2734888606700809,D+27.3,4
2032,WY,-0.1675586989999916,R+16.8,-0.4487260883935333,R+44.1,0.2734888606700809,D+27.3,3
2036,AK,0.14621531612297495,D+14.6,-0.08685841163674013,R+7.6,0.22209958321273904,D+22.2,3
2036,AL,0.15514642397957196,D+15.5,-0.07792730378014312,R+6.7,0.22209958321273904,D+22.2,9
2036,AR,0.25487575852047284,D+25.5,0.02180203076075779,D+3.3,0.22209958321273904,D+22.2,6
2036,AZ,0.15052181437640938,D+15.1,-0.08255191338330567,R+7.2,0.22209958321273904,D+22.2,11
2036,CA,0.408178391417494,D+40.8,0.17510466365777896,D+18.6,0.22209958321273904,D+22.2,54
2036,CO,0.468439881111918,D+46.8,0.2353661533522029,D+24.6,0.22209958321273904,D+22.2,10
2036,CT,0.5672986431860763,D+56.7,0.33422491542636124,D+34.5,0.22209958321273904,D+22.2,7
2036,DC,1.0421572893858222,D+104.2,0.8090835616261072,D+82.0,0.22209958321273904,D+22.2,3
2036,DE,0.3999767793484067,D+40.0,0.1669030515886916,D+17.8,0.22209958321273904,D+22.2,3
2036,FL,-0.05151375303023692,R+5.2,-0.284587480789952,R+27.4,0.22209958321273904,D+22.2,30
2036,GA,0.22185037295428403,D+22.2,-0.011223354805431032,R+0.0,0.22209958321273904,D+22.2,16
2036,HI,0.412596355356148,D+41.3,0.17952262759643292,D+19.0,0.22209958321273904,D+22.2,4
2036,IA,0.25093127054694075,D+25.1,0.0178575427872257,D+2.9,0.22209958321273904,D+22.2,6
2036,ID,-0.10602889999850074,R+10.6,-0.3391026277582158,R+32.8,0.22209958321273904,D+22.2,4
2036,IL,0.3714152875275711,D+37.1,0.138341559767856,D+14.9,0.22209958321273904,D+22.2,19
2036,IN,0.012730834017457976,D+1.3,-0.2203428937422571,R+20.9,0.22209958321273904,D+22.2,11
2036,KS,0.40834950313302293,D+40.8,0.17527577537330785,D+18.6,0.22209958321273904,D+22.2,6
2036,KY,0.06605740067298288,D+6.6,-0.1670163270867322,R+15.6,0.22209958321273904,D+22.2,8
2036,LA,0.3660255496745875,D+36.6,0.13295182191487243,D+14.4,0.22209958321273904,D+22.2,8
2036,MA,0.5364627597844767,D+53.6,0.30338903202476164,D+31.4,0.22209958321273904,D+22.2,11
2036,MD,0.42411395353978043,D+42.4,0.19104022578006538,D+20.2,0.22209958321273904,D+22.2,10
2036,ME,0.2615406351991347,D+26.2,0.02846690743941962,D+3.9,0.22209958321273904,D+22.2,4
2036,MI,0.2579817377554001,D+25.8,0.024908009995685054,D+3.6,0.22209958321273904,D+22.2,15
2036,MN,0.2594462808909757,D+25.9,0.026372553131260662,D+3.7,0.22209958321273904,D+22.2,10
2036,MO,0.15847738473916884,D+15.8,-0.07459634302054621,R+6.4,0.22209958321273904,D+22.2,10
2036,MS,-0.011018816197958026,R+1.1,-0.2440925439576731,R+23.3,0.22209958321273904,D+22.2,6
2036,MT,0.04906540351257724,D+4.9,-0.18400832424713784,R+17.3,0.22209958321273904,D+22.2,4
2036,NC,0.20939120675954676,D+20.9,-0.02368252100016832,R+1.3,0.22209958321273904,D+22.2,16
2036,ND,-0.12093173406198027,R+12.1,-0.35400546182169534,R+34.3,0.22209958321273904,D+22.2,3
2036,NE,0.13235306201826652,D+13.2,-0.10072066574144856,R+9.0,0.22209958321273904,D+22.2,5
2036,NH,0.2805892783089337,D+28.1,0.04751555054921862,D+5.8,0.22209958321273904,D+22.2,4
2036,NJ,0.30458129831321973,D+30.5,0.07150757055350465,D+8.2,0.22209958321273904,D+22.2,14
2036,NM,0.18288516602546984,D+18.3,-0.05018856173424524,R+3.9,0.22209958321273904,D+22.2,5
2036,NV,0.20931004638270156,D+20.9,-0.02376368137701351,R+1.3,0.22209958321273904,D+22.2,6
2036,NY,0.06424325048581486,D+6.4,-0.16883047727390021,R+15.8,0.22209958321273904,D+22.2,28
2036,OH,0.1991980112978266,D+19.9,-0.03387571646188848,R+2.3,0.22209958321273904,D+22.2,17
2036,OK,0.24191420181492881,D+24.2,0.008840474055213751,D+2.0,0.22209958321273904,D+22.2,7
2036,OR,0.4195768933700477,D+42.0,0.18650316561033264,D+19.7,0.22209958321273904,D+22.2,8
2036,PA,0.24433964696412802,D+24.4,0.011265919204412961,D+2.2,0.22209958321273904,D+22.2,19
2036,RI,0.4415326345720401,D+44.2,0.20845890681232504,D+21.9,0.22209958321273904,D+22.2,4
2036,SC,0.06355710069583406,D+6.4,-0.16951662706388101,R+15.9,0.22209958321273904,D+22.2,9
2036,SD,-0.05931665887102239,R+5.9,-0.29239038663073746,R+28.1,0.22209958321273904,D+22.2,3
2036,TN,0.22473051829314122,D+22.5,-0.008343209466573853,D+0.3,0.22209958321273904,D+22.2,11
2036,TX,0.011218323295733829,D+1.1,-0.22185540446398125,R+21.1,0.22209958321273904,D+22.2,40
2036,UT,-0.011734088666689013,R+1.2,-0.2448078164264041,R+23.4,0.22209958321273904,D+22.2,6
2036,VA,0.3541659687683903,D+35.4,0.12109224100867522,D+13.2,0.22209958321273904,D+22.2,13
2036,VT,0.2867324969519401,D+28.7,0.05365876919222501,D+6.5,0.22209958321273904,D+22.2,3
2036,WA,0.5569253325886037,D+55.7,0.32385160482888864,D+33.5,0.22209958321273904,D+22.2,12
2036,WI,0.19709380237574012,D+19.7,-0.035979925383974945,R+2.5,0.22209958321273904,D+22.2,10
2036,WV,0.15077081947068788,D+15.1,-0.0823029082890272,R+7.1,0.22209958321273904,D+22.2,4
2036,WY,-0.2780680976676063,R+27.8,-0.5111418254273213,R+50.0,0.22209958321273904,D+22.2,3
2040,AK,0.13998049454643527,D+14.0,-0.0900871482333514,R+7.9,0.21862702185967875,D+21.9,3
2040,AL,0.24158413106859192,D+24.2,0.011516488288805249,D+2.3,0.21862702185967875,D+21.9,9
2040,AR,0.292883344828899,D+29.3,0.06281570204911233,D+7.4,0.21862702185967875,D+21.9,6
2040,AZ,0.19242450943063227,D+19.2,-0.037643133349154395,R+2.6,0.21862702185967875,D+21.9,11
2040,CA,0.4671617708078647,D+46.7,0.237094128028078,D+24.9,0.21862702185967875,D+21.9,54
2040,CO,0.49246216702744045,D+49.2,0.26239452424765375,D+27.4,0.21862702185967875,D+21.9,10
2040,CT,0.6275443451577942,D+62.8,0.3974767023780075,D+40.9,0.21862702185967875,D+21.9,7
2040,DC,1.0378678483183226,D+103.8,0.8078002055385358,D+81.9,0.21862702185967875,D+21.9,3
2040,DE,0.4011094034444723,D+40.1,0.17104176066468568,D+18.2,0.21862702185967875,D+21.9,3
2040,FL,-0.11255915092526442,R+11.3,-0.3426267937050511,R+33.1,0.21862702185967875,D+21.9,30
2040,GA,0.18326529346410145,D+18.3,-0.046802349315685235,R+3.5,0.21862702185967875,D+21.9,16
2040,HI,0.49964259393838295,D+50.0,0.26957495115859625,D+28.1,0.21862702185967875,D+21.9,4
2040,IA,0.18279176181011741,D+18.3,-0.047275880969669254,R+3.6,0.21862702185967875,D+21.9,6
2040,ID,-0.10439638873426882,R+10.4,-0.3344640315140555,R+32.3,0.21862702185967875,D+21.9,4
2040,IL,0.36839176932917095,D+36.8,0.13832412654938428,D+15.0,0.21862702185967875,D+21.9,19
2040,IN,0.030678260029010668,D+3.1,-0.199389382750776,R+18.8,0.21862702185967875,D+21.9,11
2040,KS,0.5235254195304861,D+52.4,0.2934577767506994,D+30.5,0.21862702185967875,D+21.9,6
2040,KY,0.023250741024940152,D+2.3,-0.20681690175484652,R+19.5,0.21862702185967875,D+21.9,8
2040,LA,0.49856234713384134,D+49.9,0.26849470435405465,D+28.0,0.21862702185967875,D+21.9,8
2040,MA,0.49109139043218636,D+49.1,0.26102374765239966,D+27.2,0.21862702185967875,D+21.9,11
2040,MD,0.39440355987699105,D+39.4,0.1643359170972044,D+17.6,0.21862702185967875,D+21.9,10
2040,ME,0.2989287747439808,D+29.9,0.0688611319641941,D+8.0,0.21862702185967875,D+21.9,4
2040,MI,0.21189854151511214,D+21.2,-0.01816910126467453,R+0.7,0.21862702185967875,D+21.9,15
2040,MN,0.2833800613731837,D+28.3,0.053312418593397075,D+6.5,0.21862702185967875,D+21.9,10
2040,MO,0.08843500200238003,D+8.8,-0.14163264077740664,R+13.0,0.21862702185967875,D+21.9,10
2040,MS,-0.021512938850446223,R+2.2,-0.2515805816302329,R+24.0,0.21862702185967875,D+21.9,6
2040,MT,0.048197313542716363,D+4.8,-0.1818703292370703,R+17.0,0.21862702185967875,D+21.9,4
2040,NC,0.2014462801918028,D+20.1,-0.028621362587983867,R+1.7,0.21862702185967875,D+21.9,16
2040,ND,-0.18738343149858072,R+18.7,-0.4174510742783674,R+40.6,0.21862702185967875,D+21.9,3
2040,NE,0.16330209117705854,D+16.3,-0.06676555160272812,R+5.5,0.21862702185967875,D+21.9,5
2040,NH,0.2820871576398034,D+28.2,0.052019514860016734,D+6.3,0.21862702185967875,D+21.9,4
2040,NJ,0.2957567627699015,D+29.6,0.06568911999011484,D+7.7,0.21862702185967875,D+21.9,14
2040,NM,0.12991048000263553,D+13.0,-0.10015716277715114,R+8.9,0.21862702185967875,D+21.9,5
2040,NV,0.20157860783628284,D+20.2,-0.02848903494350383,R+1.7,0.21862702185967875,D+21.9,6
2040,NY,-0.0498115934574202,R+5.0,-0.2798792362372069,R+26.8,0.21862702185967875,D+21.9,28
2040,OH,0.14297839033003162,D+14.3,-0.08708925244975503,R+7.6,0.21862702185967875,D+21.9,17
2040,OK,0.32481889415621684,D+32.5,0.09475125137643016,D+10.6,0.21862702185967875,D+21.9,7
2040,OR,0.41988218570465097,D+42.0,0.18981454292486433,D+20.1,0.21862702185967875,D+21.9,8
2040,PA,0.20911450187454658,D+20.9,-0.0209531409052401,R+1.0,0.21862702185967875,D+21.9,19
2040,RI,0.4698905897338789,D+47.0,0.23982294695409223,D+25.1,0.21862702185967875,D+21.9,4
2040,SC,0.05943020408418928,D+5.9,-0.1706374386955974,R+15.9,0.21862702185967875,D+21.9,9
2040,SD,-0.10654731291662667,R+10.7,-0.33661495569641336,R+32.5,0.21862702185967875,D+21.9,3
2040,TN,0.3437150603290745,D+34.4,0.11364741754928787,D+12.5,0.21862702185967875,D+21.9,11
2040,TX,0.022921295636831235,D+2.3,-0.20714634714295543,R+19.6,0.21862702185967875,D+21.9,40
2040,UT,-0.08742509003604243,R+8.7,-0.3174927328158291,R+30.6,0.21862702185967875,D+21.9,6
2040,VA,0.35488145115282055,D+35.5,0.12481380837303391,D+13.6,0.21862702185967875,D+21.9,13
2040,VT,0.16922933580839575,D+16.9,-0.06083830697139092,R+4.9,0.21862702185967875,D+21.9,3
2040,WA,0.5909650983600869,D+59.1,0.3608974555803002,D+37.2,0.21862702185967875,D+21.9,12
2040,WI,0.20255393494875318,D+20.3,-0.02751370783103349,R+1.6,0.21862702185967875,D+21.9,10
2040,WV,0.06568649236049198,D+6.6,-0.16438115041929469,R+15.3,0.21862702185967875,D+21.9,4
2040,WY,-0.2912964855410648,R+29.1,-0.5213641283208514,R+51.0,0.21862702185967875,D+21.9,3
2044,AK,0.11108139749725983,D+11.1,-0.09855781134447739,R+8.8,0.19928338382299024,D+19.9,3
2044,AL,0.3252162535366677,D+32.5,0.11557704469493046,D+12.6,0.19928338382299024,D+19.9,9
2044,AR,0.2752219671117856,D+27.5,0.06558275827004839,D+7.6,0.19928338382299024,D+19.9,6
2044,AZ,0.1669890651564956,D+16.7,-0.04265014368524162,R+3.2,0.19928338382299024,D+19.9,11
2044,CA,0.48258683483361065,D+48.3,0.27294762599187344,D+28.3,0.19928338382299024,D+19.9,54
2044,CO,0.4983060069125157,D+49.8,0.28866679807077844,D+29.9,0.19928338382299024,D+19.9,10
2044,CT,0.6788967019169915,D+67.9,0.4692574930752542,D+48.0,0.19928338382299024,D+19.9,7
2044,DC,1.0301594076887786,D+103.0,0.8205201988470413,D+83.1,0.19928338382299024,D+19.9,3
2044,DE,0.38481967858241706,D+38.5,0.1751804697406798,D+18.6,0.19928338382299024,D+19.9,3
2044,FL,-0.19670381813258922,R+19.7,-0.40634302697432645,R+39.6,0.19928338382299024,D+19.9,30
2044,GA,0.12493839568209457,D+12.5,-0.08470081315964265,R+7.4,0.19928338382299024,D+19.9,16
2044,HI,0.6179615201918642,D+61.8,0.408322311350127,D+41.9,0.19928338382299024,D+19.9,4
2044,IA,0.09699280329397035,D+9.7,-0.11264640554776686,R+10.2,0.19928338382299024,D+19.9,6
2044,ID,-0.12018622642815793,R+12.0,-0.32982543526989516,R+31.9,0.19928338382299024,D+19.9,4
2044,IL,0.34794590217264976,D+34.8,0.13830669333091256,D+14.9,0.19928338382299024,D+19.9,19
2044,IN,0.07442444665856725,D+7.4,-0.13521476218316997,R+12.5,0.19928338382299024,D+19.9,11
2044,KS,0.6356733167031633,D+63.6,0.42603410786142604,D+43.6,0.19928338382299024,D+19.9,6
2044,KY,-0.05194219748733639,R+5.2,-0.2615814063290736,R+25.1,0.19928338382299024,D+19.9,8
2044,LA,0.6343842789086706,D+63.4,0.4247450700669333,D+43.5,0.19928338382299024,D+19.9,8
2044,MA,0.40534072792254594,D+40.5,0.19570151908080868,D+20.6,0.19928338382299024,D+19.9,11
2044,MD,0.36852240059370334,D+36.9,0.15888319175196608,D+16.9,0.19928338382299024,D+19.9,10
2044,ME,0.3289749041595471,D+32.9,0.11933569531780992,D+13.0,0.19928338382299024,D+19.9,4
2044,MI,0.18915875748466246,D+18.9,-0.020480451357074766,R+1.0,0.19928338382299024,D+19.9,15
2044,MN,0.25734117315621186,D+25.7,0.047701964314474626,D+5.8,0.19928338382299024,D+19.9,10
2044,MO,0.01117953463966645,D+1.1,-0.19845967420207078,R+18.8,0.19928338382299024,D+19.9,10
2044,MS,-0.04942941046105545,R+4.9,-0.2590686193027927,R+24.9,0.19928338382299024,D+19.9,6
2044,MT,0.029906874614734485,D+3.0,-0.17973233422700274,R+16.9,0.19928338382299024,D+19.9,4
2044,NC,0.17330867247136555,D+17.3,-0.03633053637037165,R+2.6,0.19928338382299024,D+19.9,16
2044,ND,-0.16083218068291175,R+16.1,-0.370471389524649,R+36.0,0.19928338382299024,D+19.9,3
2044,NE,0.17934454942609196,D+17.9,-0.030294659415645242,R+2.0,0.19928338382299024,D+19.9,5
2044,NH,0.26616268801255205,D+26.6,0.05652347917081486,D+6.7,0.19928338382299024,D+19.9,4
2044,NJ,0.2695098782684623,D+27.0,0.059870669426725046,D+7.0,0.19928338382299024,D+19.9,14
2044,NM,0.05128152945758421,D+5.1,-0.15835767938415302,R+14.8,0.19928338382299024,D+19.9,5
2044,NV,0.21900685114735222,D+21.9,0.009367642305615003,D+2.0,0.19928338382299024,D+19.9,6
2044,NY,-0.19401044464390674,R+19.4,-0.40364965348564397,R+39.3,0.19928338382299024,D+19.9,28
2044,OH,0.08953758320666443,D+9.0,-0.12010162563507279,R+11.0,0.19928338382299024,D+19.9,17
2044,OK,0.37433552110826984,D+37.4,0.16469631226653264,D+17.5,0.19928338382299024,D+19.9,7
2044,OR,0.4003149065934236,D+40.0,0.19067569775168636,D+20.1,0.19928338382299024,D+19.9,8
2044,PA,0.17801030511262744,D+17.8,-0.031628903729109786,R+2.1,0.19928338382299024,D+19.9,19
2044,RI,0.48813799294180293,D+48.8,0.2784987841000657,D+28.9,0.19928338382299024,D+19.9,4
2044,SC,0.03788095851442344,D+3.8,-0.17175825032731376,R+16.1,0.19928338382299024,D+19.9,9
2044,SD,-0.09281699732510454,R+9.3,-0.30245620616684177,R+29.2,0.19928338382299024,D+19.9,3
2044,TN,0.46682214788018095,D+46.7,0.2571829390384437,D+26.8,0.19928338382299024,D+19.9,11
2044,TX,0.03580080825769019,D+3.6,-0.17383840058404704,R+16.3,0.19928338382299024,D+19.9,40
2044,UT,-0.17695561662395334,R+17.7,-0.3865948254656906,R+37.6,0.19928338382299024,D+19.9,6
2044,VA,0.3350336152788186,D+33.5,0.12539440643708133,D+13.6,0.19928338382299024,D+19.9,13
2044,VT,0.014882140784153591,D+1.5,-0.19475706805758364,R+18.4,0.19928338382299024,D+19.9,3
2044,WA,0.6095872060546567,D+61.0,0.3999479972129194,D+41.0,0.19928338382299024,D+19.9,12
2044,WI,0.23305325112876257,D+23.3,0.023414042287025358,D+3.4,0.19928338382299024,D+19.9,10
2044,WV,-0.08182149735630564,R+8.2,-0.2914607061980429,R+28.1,0.19928338382299024,D+19.9,4
2044,WY,-0.2604674143792097,R+26.0,-0.470106623220947,R+46.0,0.19928338382299024,D+19.9,3
2048,AK,-0.1263248775710886,R+12.6,-0.11227008295574592,R+10.2,-0.024758725893306188,R+2.5,3
2048,AL,0.22019421978784723,D+22.0,0.2342490144031899,D+24.5,-0.024758725893306188,R+2.5,9
2048,AR,0.015506391633246824,D+1.6,0.0295611862485895,D+4.0,-0.024758725893306188,R+2.5,6
2048,AZ,-0.10679624665143735,R+10.7,-0.09274145203609467,R+8.2,-0.024758725893306188,R+2.5,11
2048,CA,0.24652921725666277,D+24.7,0.2605840118720054,D+27.1,-0.024758725893306188,R+2.5,54
2048,CO,0.30012790415877566,D+30.0,0.3141826987741183,D+32.5,-0.024758725893306188,R+2.5,10
2048,CT,0.5355002208304973,D+53.6,0.54955501544584,D+56.0,-0.024758725893306188,R+2.5,7
2048,DC,0.8277677782803217,D+82.8,0.8418225728956643,D+85.3,-0.024758725893306188,R+2.5,3
2048,DE,0.16526438420133122,D+16.5,0.1793191788166739,D+19.0,-0.024758725893306188,R+2.5,3
2048,FL,-0.4897887167304398,R+49.0,-0.47573392211509713,R+46.5,-0.024758725893306188,R+2.5,30
2048,GA,-0.13076279112760253,R+13.1,-0.11670799651225985,R+10.6,-0.024758725893306188,R+2.5,16
2048,HI,0.3702097269416583,D+37.0,0.384264521557001,D+39.5,-0.024758725893306188,R+2.5,4
2048,IA,-0.15054164151298544,R+15.1,-0.13648684689764276,R+12.6,-0.024758725893306188,R+2.5,6
2048,ID,-0.3392416336410775,R+33.9,-0.32518683902573486,R+31.4,-0.024758725893306188,R+2.5,4
2048,IL,0.12423446549709818,D+12.4,0.13828926011244086,D+14.9,-0.024758725893306188,R+2.5,19
2048,IN,-0.11725096209890694,R+11.7,-0.10319616748356426,R+9.2,-0.024758725893306188,R+2.5,11
2048,KS,0.5589395151277663,D+55.9,0.5729943097431089,D+58.4,-0.024758725893306188,R+2.5,6
2048,KY,-0.3219889139932294,R+32.2,-0.3079341193778867,R+29.7,-0.024758725893306188,R+2.5,8
2048,LA,0.5876323839342965,D+58.8,0.6016871785496392,D+61.2,-0.024758725893306188,R+2.5,8
2048,MA,0.18551748114207858,D+18.6,0.19957227575742126,D+21.0,-0.024758725893306188,R+2.5,11
2048,MD,0.16229469273104846,D+16.2,0.17634948734639114,D+18.7,-0.024758725893306188,R+2.5,10
2048,ME,0.10351467820292826,D+10.4,0.11756947281827093,D+12.8,-0.024758725893306188,R+2.5,4
2048,MI,0.0058351662450729196,D+0.6,0.019889960860415595,D+3.1,-0.024758725893306188,R+2.5,15
2048,MN,0.0033360908509293824,D+0.3,0.017390885466272057,D+2.8,-0.024758725893306188,R+2.5,10
2048,MO,-0.22657741649690002,R+22.7,-0.21252262188155735,R+20.2,-0.024758725893306188,R+2.5,10
2048,MS,-0.2806114515906951,R+28.1,-0.26655665697535247,R+25.6,-0.024758725893306188,R+2.5,6
2048,MT,-0.19164913383227788,R+19.2,-0.1775943392169352,R+16.7,-0.024758725893306188,R+2.5,4
2048,NC,-0.06086462789604721,R+6.1,-0.04680983328070454,R+3.6,-0.024758725893306188,R+2.5,16
2048,ND,-0.27118331757383873,R+27.1,-0.2571285229584961,R+24.6,-0.024758725893306188,R+2.5,3
2048,NE,-0.005363642945591468,R+0.5,0.008691151669751207,D+1.9,-0.024758725893306188,R+2.5,5
2048,NH,0.04697264886627031,D+4.7,0.06102744348161298,D+7.2,-0.024758725893306188,R+2.5,4
2048,NJ,0.039997424247992575,D+4.0,0.05405221886333525,D+6.5,-0.024758725893306188,R+2.5,14
2048,NM,-0.2388413268250056,R+23.9,-0.22478653220966294,R+21.4,-0.024758725893306188,R+2.5,5
2048,NV,0.030254875992643412,D+3.0,0.04430967060798609,D+5.5,-0.024758725893306188,R+2.5,6
2048,NY,-0.5541884288421479,R+55.4,-0.5401336342268053,R+52.9,-0.024758725893306188,R+2.5,28
2048,OH,-0.12316043173818493,R+12.3,-0.10910563712284226,R+9.8,-0.024758725893306188,R+2.5,17
2048,OK,0.19840700739323466,D+19.8,0.21246180200857734,D+22.3,-0.024758725893306188,R+2.5,7
2048,OR,0.1750318211821784,D+17.5,0.18908661579752106,D+20.0,-0.024758725893306188,R+2.5,8
2048,PA,-0.027255313809466823,R+2.7,-0.01320051919412415,R+0.2,-0.024758725893306188,R+2.5,19
2048,RI,0.3104282354786867,D+31.0,0.32448303009402935,D+33.5,-0.024758725893306188,R+2.5,4
2048,SC,-0.18693385657437284,R+18.7,-0.17287906195903016,R+16.2,-0.024758725893306188,R+2.5,9
2048,SD,-0.23484628769616964,R+23.5,-0.22079149308082696,R+21.0,-0.024758725893306188,R+2.5,3
2048,TN,0.4081863310359686,D+40.8,0.4222411256513112,D+43.3,-0.024758725893306188,R+2.5,11
2048,TX,-0.15110528919961233,R+15.1,-0.13705049458426966,R+12.6,-0.024758725893306188,R+2.5,40
2048,UT,-0.4495244875845792,R+45.0,-0.43546969296923654,R+42.5,-0.024758725893306188,R+2.5,6
2048,VA,0.10877918471701295,D+10.9,0.12283397933235563,D+13.4,-0.024758725893306188,R+2.5,13
2048,VT,-0.36214760150034886,R+36.2,-0.3480928068850062,R+33.7,-0.024758725893306188,R+2.5,3
2048,WA,0.42694747896610385,D+42.7,0.4410022735814465,D+45.2,-0.024758725893306188,R+2.5,12
2048,WI,0.04630353618274691,D+4.6,0.06035833079808958,D+7.1,-0.024758725893306188,R+2.5,10
2048,WV,-0.42218629605591784,R+42.2,-0.4081315014405752,R+39.7,-0.024758725893306188,R+2.5,4
2048,WY,-0.4179885980960174,R+41.8,-0.40393380348067476,R+39.3,-0.024758725893306188,R+2.5,3
