year,abbr,D_votes,R_votes,pres_margin,pres_margin_str,electoral_votes,relative_margin,relative_margin_str,national_margin,national_margin_str
1976,AK,44058,71555,-0.23783657547161652,R+23.8,3,-0.26058355902647534,R+26.1,0.02274698355485883,D+2.3
1980,AK,41842,86112,-0.3459837128968223,R+34.6,3,-0.24283253750837586,R+24.3,-0.10315117538844643,R+10.3
1984,AK,62007,138377,-0.38111825295432766,R+38.1,3,-0.1986512291138337,R+19.9,-0.18246702384049396,R+18.2
1988,AK,72584,119251,-0.24326634868506788,R+24.3,3,-0.16661724290772134,R+16.7,-0.07664910577734656,R+7.7
1992,AK,78294,102000,-0.13148524077340343,R+13.1,3,-0.2038991575364772,R+20.4,0.07241391676307377,D+7.2
1996,AK,80380,122746,-0.20857005011667634,R+20.9,3,-0.3046505306336804,R+30.5,0.09608048051700407,D+9.6
2000,AK,79004,167398,-0.3587389712745838,R+35.9,3,-0.36387242964406435,R+36.4,0.005133458369480549,D+0.5
2004,AK,111025,190889,-0.2645256596249263,R+26.5,3,-0.23986535950137874,R+24.0,-0.024660300123547554,R+2.5
2008,AK,123594,193841,-0.22129569833194196,R+22.1,3,-0.2967110439035474,R+29.7,0.07541534557160545,D+7.5
2012,AK,122640,164676,-0.14630580963120746,R+14.6,3,-0.18650367561565603,R+18.7,0.04019786598444858,D+4.0
2016,AK,116454,163387,-0.1677130942213614,R+16.8,3,-0.19096437402808258,R+19.1,0.023251279806721186,D+2.3
2020,AK,153778,189951,-0.10523697447698623,R+10.5,3,-0.15059671689956017,R+15.1,0.04535974242257394,D+4.5
2024,AK,140026,184458,-0.1369312508474994,R+13.7,3,-0.12193455941329925,R+12.2,-0.014996691434200151,R+1.5
1976,AL,659170,504070,0.13333447955709915,D+13.3,9,0.11058749600224033,D+11.1,0.02274698355485883,D+2.3
1980,AL,636730,654192,-0.013526766140789296,R+1.4,9,0.08962440924765713,D+9.0,-0.10315117538844643,R+10.3
1984,AL,551899,872849,-0.22526790702636537,R+22.5,9,-0.04280088318587141,R+4.3,-0.18246702384049396,R+18.2
1988,AL,549506,815576,-0.19491136796177813,R+19.5,9,-0.11826226218443157,R+11.8,-0.07664910577734656,R+7.7
1992,AL,690080,804283,-0.07642252919805964,R+7.6,9,-0.1488364459611334,R+14.9,0.07241391676307377,D+7.2
1996,AL,662165,769044,-0.07467742307377888,R+7.5,9,-0.17075790359078297,R+17.1,0.09608048051700407,D+9.6
2000,AL,692611,941173,-0.15213883842662188,R+15.2,9,-0.1572722967961024,R+15.7,0.005133458369480549,D+0.5
2004,AL,693933,1176394,-0.25795542704564495,R+25.8,9,-0.2332951269220974,R+23.3,-0.024660300123547554,R+2.5
2008,AL,813479,1266546,-0.21781805507145346,R+21.8,9,-0.2932334006430589,R+29.3,0.07541534557160545,D+7.5
2012,AL,795696,1255925,-0.2243245706687541,R+22.4,9,-0.2645224366532027,R+26.5,0.04019786598444858,D+4.0
2016,AL,729547,1318255,-0.2874828718792149,R+28.7,9,-0.3107341516859361,R+31.1,0.023251279806721186,D+2.3
2020,AL,849624,1441170,-0.2582274966670945,R+25.8,9,-0.30358723908966845,R+30.4,0.04535974242257394,D+4.5
2024,AL,772412,1462616,-0.3088122385938789,R+30.9,9,-0.2938155471596788,R+29.4,-0.014996691434200151,R+1.5
1976,AR,498604,267903,0.3009770295639831,D+30.1,6,0.27823004600912427,D+27.8,0.02274698355485883,D+2.3
1980,AR,398041,403164,-0.006394118858469431,R+0.6,6,0.096757056529977,D+9.7,-0.10315117538844643,R+10.3
1984,AR,338646,534774,-0.22455176203888164,R+22.5,6,-0.04208473819838768,R+4.2,-0.18246702384049396,R+18.2
1988,AR,349237,466578,-0.1438328542623021,R+14.4,6,-0.06718374848495555,R+6.7,-0.07664910577734656,R+7.7
1992,AR,505823,337324,0.1998453413224503,D+20.0,6,0.12743142455937653,D+12.7,0.07241391676307377,D+7.2
1996,AR,475171,325416,0.1870564972951097,D+18.7,6,0.09097601677810563,D+9.1,0.09608048051700407,D+9.6
2000,AR,422768,472940,-0.05601379020841613,R+5.6,6,-0.06114724857789668,R+6.1,0.005133458369480549,D+0.5
2004,AR,469953,572898,-0.09871496503335568,R+9.9,6,-0.07405466490980812,R+7.4,-0.024660300123547554,R+2.5
2008,AR,422310,638017,-0.2034344122143452,R+20.3,6,-0.27884975778595067,R+27.9,0.07541534557160545,D+7.5
2012,AR,394409,647744,-0.24308810702459235,R+24.3,6,-0.2832859730090409,R+28.3,0.04019786598444858,D+4.0
2016,AR,380494,684872,-0.28570275379540927,R+28.6,6,-0.3089540336021305,R+30.9,0.023251279806721186,D+2.3
2020,AR,423932,760647,-0.284248665559663,R+28.4,6,-0.32960840798223695,R+33.0,0.04535974242257394,D+4.5
2024,AR,396905,759241,-0.3133998647229675,R+31.3,6,-0.29840317328876736,R+29.8,-0.014996691434200151,R+1.5
1976,AZ,295602,418642,-0.17226606033792374,R+17.2,6,-0.19501304389278257,R+19.5,0.02274698355485883,D+2.3
1980,AZ,246843,529688,-0.3642417366467018,R+36.4,6,-0.26109056125825536,R+26.1,-0.10315117538844643,R+10.3
1984,AZ,333854,681416,-0.34233455140012015,R+34.2,7,-0.1598675275596262,R+16.0,-0.18246702384049396,R+18.2
1988,AZ,454029,702541,-0.21486983061985007,R+21.5,7,-0.13822072484250353,R+13.8,-0.07664910577734656,R+7.7
1992,AZ,543050,572086,-0.02603807966023875,R+2.6,8,-0.09845199642331251,R+9.8,0.07241391676307377,D+7.2
1996,AZ,653288,622073,0.024475423037085185,D+2.4,8,-0.07160505747991888,R+7.2,0.09608048051700407,D+9.6
2000,AZ,685341,781652,-0.06565198334279713,R+6.6,8,-0.07078544171227769,R+7.1,0.005133458369480549,D+0.5
2004,AZ,893524,1104294,-0.10550010060976525,R+10.6,10,-0.0808398004862177,R+8.1,-0.024660300123547554,R+2.5
2008,AZ,1034707,1230111,-0.08627801439232645,R+8.6,10,-0.16169335996393192,R+16.2,0.07541534557160545,D+7.5
2012,AZ,1025232,1233654,-0.09226760447406376,R+9.2,11,-0.13246547045851234,R+13.2,0.04019786598444858,D+4.0
2016,AZ,1161167,1252401,-0.03780046802078914,R+3.8,11,-0.06105174782751033,R+6.1,0.023251279806721186,D+2.3
2020,AZ,1672143,1661686,0.0031366335825862694,D+0.3,11,-0.04222310883998767,R+4.2,0.04535974242257394,D+4.5
2024,AZ,1582860,1770242,-0.055883179217333684,R+5.6,11,-0.04088648778313353,R+4.1,-0.014996691434200151,R+1.5
1976,CA,3742284,3882244,-0.018356546136364112,R+1.8,45,-0.04110352969122294,R+4.1,0.02274698355485883,D+2.3
1980,CA,3082943,4522994,-0.1893324911841894,R+18.9,45,-0.08618131579574298,R+8.6,-0.10315117538844643,R+10.3
1984,CA,3922519,5467009,-0.1644906964439533,R+16.4,47,0.017976327396540648,D+1.8,-0.18246702384049396,R+18.2
1988,CA,4702233,5054917,-0.036146210727517766,R+3.6,47,0.04050289504982879,D+4.1,-0.07664910577734656,R+7.7
1992,CA,5121325,3630574,0.1703345753875816,D+17.0,54,0.09792065862450783,D+9.8,0.07241391676307377,D+7.2
1996,CA,5119835,3828381,0.14432530461937887,D+14.4,54,0.048244824102374795,D+4.8,0.09608048051700407,D+9.6
2000,CA,5861203,4567429,0.12405979998143572,D+12.4,54,0.11892634161195517,D+11.9,0.005133458369480549,D+0.5
2004,CA,6745485,5509826,0.10082640905644907,D+10.1,55,0.12548670917999663,D+12.5,-0.024660300123547554,R+2.5
2008,CA,8274473,5011781,0.24556899183170816,D+24.6,55,0.1701536462601027,D+17.0,0.07541534557160545,D+7.5
2012,CA,7854285,4839958,0.23745622326593244,D+23.7,55,0.19725835728148386,D+19.7,0.04019786598444858,D+4.0
2016,CA,8753788,4483810,0.32256441085459764,D+32.3,55,0.29931313104787644,D+29.9,0.023251279806721186,D+2.3
2020,CA,11110250,6006429,0.29817822721335135,D+29.8,55,0.2528184847907774,D+25.3,0.04535974242257394,D+4.5
2024,CA,9276179,6081697,0.2080028514359668,D+20.8,54,0.22299954287016696,D+22.3,-0.014996691434200151,R+1.5
1976,CO,460801,584278,-0.11815087663229287,R+11.8,7,-0.1408978601871517,R+14.1,0.02274698355485883,D+2.3
1980,CO,368009,652264,-0.2786068042572919,R+27.9,7,-0.17545562886884547,R+17.5,-0.10315117538844643,R+10.3
1984,CO,454975,821817,-0.287315396713012,R+28.7,8,-0.10484837287251803,R+10.5,-0.18246702384049396,R+18.2
1988,CO,621453,728177,-0.07907648762994302,R+7.9,8,-0.002427381852596458,R+0.2,-0.07664910577734656,R+7.7
1992,CO,629681,562850,0.05604131045649966,D+5.6,8,-0.016372606306574104,R+1.6,0.07241391676307377,D+7.2
1996,CO,671152,691848,-0.015184152604548789,R+1.5,8,-0.11126463312155287,R+11.1,0.09608048051700407,D+9.6
2000,CO,738227,883748,-0.08971839886558054,R+9.0,8,-0.0948518572350611,R+9.5,0.005133458369480549,D+0.5
2004,CO,1001732,1101255,-0.04732459116485266,R+4.7,9,-0.022664291041305105,R+2.3,-0.024660300123547554,R+2.5
2008,CO,1288576,1073589,0.09101269386346847,D+9.1,9,0.015597348291863017,D+1.6,0.07541534557160545,D+7.5
2012,CO,1323101,1185243,0.05495976628405035,D+5.5,9,0.014761900299601775,D+1.5,0.04019786598444858,D+4.0
2016,CO,1338870,1202484,0.053666667453648724,D+5.4,9,0.030415387646927538,D+3.0,0.023251279806721186,D+2.3
2020,CO,1804352,1364607,0.13876638984600306,D+13.9,9,0.09340664742342912,D+9.3,0.04535974242257394,D+4.5
2024,CO,1728159,1377441,0.11293083462132922,D+11.3,10,0.12792752605552937,D+12.8,-0.014996691434200151,R+1.5
1976,CT,647895,719261,-0.05220033412426965,R+5.2,8,-0.07494731767912849,R+7.5,0.02274698355485883,D+2.3
1980,CT,541732,677210,-0.11114392645425294,R+11.1,8,-0.00799275106580652,R+0.8,-0.10315117538844643,R+10.3
1984,CT,569597,890877,-0.2199833752603607,R+22.0,8,-0.03751635141986673,R+3.8,-0.18246702384049396,R+18.2
1988,CT,676584,750241,-0.05162300912865979,R+5.2,8,0.02502609664868677,D+2.5,-0.07664910577734656,R+7.7
1992,CT,682318,578313,0.08250233414853356,D+8.3,8,0.010088417385459791,D+1.0,0.07241391676307377,D+7.2
1996,CT,735740,483109,0.2072701376462548,D+20.7,8,0.11118965712925072,D+11.1,0.09608048051700407,D+9.6
2000,CT,816015,561094,0.1851131609770904,D+18.5,8,0.17997970260760987,D+18.0,0.005133458369480549,D+0.5
2004,CT,857488,693826,0.10549895121168248,D+10.5,7,0.13015925133523004,D+13.0,-0.024660300123547554,R+2.5
2008,CT,997772,629428,0.22636676499508357,D+22.6,7,0.15095141942347812,D+15.1,0.07541534557160545,D+7.5
2012,CT,905083,634892,0.17545154953814185,D+17.5,7,0.13525368355369327,D+13.5,0.04019786598444858,D+4.0
2016,CT,897572,673215,0.1428309503452728,D+14.3,7,0.1195796705385516,D+12.0,0.023251279806721186,D+2.3
2020,CT,1080831,714717,0.2039009817615569,D+20.4,7,0.15854123933898295,D+15.9,0.04535974242257394,D+4.5
2024,CT,992053,736918,0.14756464972518335,D+14.8,7,0.1625613411593835,D+16.3,-0.014996691434200151,R+1.5
1976,DC,137818,27873,0.6635544477370527,D+66.4,3,0.6408074641821939,D+64.1,0.02274698355485883,D+2.3
1980,DC,130231,23313,0.6963346011566717,D+69.6,3,0.7994857765451181,D+79.9,-0.10315117538844643,R+10.3
1984,DC,180408,29009,0.7229546789420153,D+72.3,3,0.9054217027825092,D+90.5,-0.18246702384049396,R+18.2
1988,DC,159407,27590,0.7049150521131355,D+70.5,3,0.7815641578904821,D+78.2,-0.07664910577734656,R+7.7
1992,DC,192619,20698,0.8059413923878547,D+80.6,3,0.7335274756247809,D+73.4,0.07241391676307377,D+7.2
1996,DC,158220,17339,0.8024709641772851,D+80.2,3,0.706390483660281,D+70.6,0.09608048051700407,D+9.6
2000,DC,171923,18073,0.8097538895555696,D+81.0,3,0.8046204311860891,D+80.5,0.005133458369480549,D+0.5
2004,DC,202970,21256,0.8104055729487214,D+81.0,3,0.835065873072269,D+83.5,-0.024660300123547554,R+2.5
2008,DC,245800,17367,0.8680153666683132,D+86.8,3,0.7926000210967078,D+79.3,0.07541534557160545,D+7.5
2012,DC,267070,21381,0.8517529840423503,D+85.2,3,0.8115551180579017,D+81.2,0.04019786598444858,D+4.0
2016,DC,282830,12723,0.9139037668370816,D+91.4,3,0.8906524870303605,D+89.1,0.023251279806721186,D+2.3
2020,DC,317323,18586,0.8893390769523889,D+88.9,3,0.843979334529815,D+84.4,0.04535974242257394,D+4.5
2024,DC,294185,21076,0.8662949112005608,D+86.6,3,0.8812916026347609,D+88.1,-0.014996691434200151,R+1.5
1976,DE,122461,109780,0.05460276178624791,D+5.5,3,0.031855778231389076,D+3.2,0.02274698355485883,D+2.3
1980,DE,105754,111252,-0.02533570500354829,R+2.5,3,0.07781547038489814,D+7.8,-0.10315117538844643,R+10.3
1984,DE,101656,152190,-0.19907345398391152,R+19.9,3,-0.01660643014341756,R+1.7,-0.18246702384049396,R+18.2
1988,DE,108647,139639,-0.1248237919173856,R+12.5,3,-0.048174686140039044,R+4.8,-0.07664910577734656,R+7.7
1992,DE,126054,102313,0.10395985409450577,D+10.4,3,0.031545937331432,D+3.2,0.07241391676307377,D+7.2
1996,DE,140355,99062,0.17247313265139902,D+17.2,3,0.07639265213439494,D+7.6,0.09608048051700407,D+9.6
2000,DE,180068,137288,0.1348012957057689,D+13.5,3,0.12966783733628837,D+13.0,0.005133458369480549,D+0.5
2004,DE,200152,171660,0.0766301249018321,D+7.7,3,0.10129042502537966,D+10.1,-0.024660300123547554,R+2.5
2008,DE,255459,152374,0.25276277299777117,D+25.3,3,0.17734742742616572,D+17.7,0.07541534557160545,D+7.5
2012,DE,242584,165484,0.1889390983855632,D+18.9,3,0.14874123240111461,D+14.9,0.04019786598444858,D+4.0
2016,DE,235603,185127,0.11997242887362441,D+12.0,3,0.09672114906690323,D+9.7,0.023251279806721186,D+2.3
2020,DE,296268,200603,0.19253488329968946,D+19.3,3,0.14717514087711553,D+14.7,0.04535974242257394,D+4.5
2024,DE,289758,214351,0.14958471282996336,D+15.0,3,0.1645814042641635,D+16.5,-0.014996691434200151,R+1.5
1976,FL,1636000,1469531,0.05360403744158406,D+5.4,17,0.03085705388672523,D+3.1,0.02274698355485883,D+2.3
1980,FL,1419475,2046951,-0.18101525894393822,R+18.1,17,-0.07786408355549179,R+7.8,-0.10315117538844643,R+10.3
1984,FL,1448816,2730350,-0.3066482642709096,R+30.7,21,-0.12418124043041562,R+12.4,-0.18246702384049396,R+18.2
1988,FL,1656701,2618885,-0.22504143291703171,R+22.5,21,-0.14839232713968514,R+14.8,-0.07664910577734656,R+7.7
1992,FL,2071698,2173310,-0.02393682179161971,R+2.4,25,-0.09635073855469348,R+9.6,0.07241391676307377,D+7.2
1996,FL,2546870,2244536,0.0630992239021281,D+6.3,25,-0.03298125661487597,R+3.3,0.09608048051700407,D+9.6
2000,FL,2912253,2912790,-9.218816067108861e-05,R+0.0,25,-0.0052256465301516375,R+0.5,0.005133458369480549,D+0.5
2004,FL,3583544,3964522,-0.05047359151337574,R+5.0,27,-0.02581329138982819,R+2.6,-0.024660300123547554,R+2.5
2008,FL,4282074,4045624,0.028393200617985906,D+2.8,27,-0.047022144953619546,R+4.7,0.07541534557160545,D+7.5
2012,FL,4237756,4163447,0.008845042787324625,D+0.9,29,-0.03135282319712395,R+3.1,0.04019786598444858,D+4.0
2016,FL,4504975,4617886,-0.012376709455509626,R+1.2,29,-0.03562798926223081,R+3.6,0.023251279806721186,D+2.3
2020,FL,5297045,5668731,-0.03389509324283115,R+3.4,29,-0.07925483566540509,R+7.9,0.04535974242257394,D+4.5
2024,FL,4683038,6110125,-0.1322213886698459,R+13.2,30,-0.11722469723564574,R+11.7,-0.014996691434200151,R+1.5
1976,GA,979409,483743,0.33876589718634836,D+33.9,12,0.31601891363148954,D+31.6,0.02274698355485883,D+2.3
1980,GA,890955,654168,0.15324799384903337,D+15.3,12,0.2563991692374798,D+25.6,-0.10315117538844643,R+10.3
1984,GA,706628,1068722,-0.20395640296279607,R+20.4,12,-0.021489379122302116,R+2.1,-0.18246702384049396,R+18.2
1988,GA,714792,1081331,-0.20407232689520707,R+20.4,12,-0.12742322111786053,R+12.7,-0.07664910577734656,R+7.7
1992,GA,1008966,995252,0.0068425690219327436,D+0.7,13,-0.06557134774114103,R+6.6,0.07241391676307377,D+7.2
1996,GA,1053849,1080843,-0.012645383971083416,R+1.3,13,-0.10872586448808749,R+10.9,0.09608048051700407,D+9.6
2000,GA,1116230,1419720,-0.1196750724580532,R+12.0,13,-0.12480853082753375,R+12.5,0.005133458369480549,D+0.5
2004,GA,1366149,1914254,-0.16708465392819113,R+16.7,15,-0.14242435380464358,R+14.2,-0.024660300123547554,R+2.5
2008,GA,1844123,2048759,-0.052566710216235685,R+5.3,15,-0.12798205578784114,R+12.8,0.07541534557160545,D+7.5
2012,GA,1773827,2078688,-0.07913298196113448,R+7.9,16,-0.11933084794558306,R+11.9,0.04019786598444858,D+4.0
2016,GA,1877963,2089104,-0.05322345198606426,R+5.3,16,-0.07647473179278545,R+7.6,0.023251279806721186,D+2.3
2020,GA,2473633,2461854,0.0023865932581729017,D+0.2,16,-0.042973149164401044,R+4.3,0.04535974242257394,D+4.5
2024,GA,2548017,2663117,-0.02208732302796282,R+2.2,16,-0.0070906315937626675,R+0.7,-0.014996691434200151,R+1.5
1976,HI,147375,140003,0.025652624765987654,D+2.6,4,0.0029056412111288232,D+0.3,0.02274698355485883,D+2.3
1980,HI,135879,130112,0.021681184701738028,D+2.2,4,0.12483236009018445,D+12.5,-0.10315117538844643,R+10.3
1984,HI,147154,185050,-0.11407448435298792,R+11.4,4,0.06839253948750604,D+6.8,-0.18246702384049396,R+18.2
1988,HI,192364,158625,0.09612551960317844,D+9.6,4,0.17277462538052502,D+17.3,-0.07664910577734656,R+7.7
1992,HI,179310,136822,0.13439955461642605,D+13.4,4,0.06198563785335229,D+6.2,0.07241391676307377,D+7.2
1996,HI,205012,113943,0.28552303616497626,D+28.6,4,0.1894425556479722,D+18.9,0.09608048051700407,D+9.6
2000,HI,205286,137845,0.1965459256085868,D+19.7,4,0.19141246723910627,D+19.1,0.005133458369480549,D+0.5
2004,HI,231708,194191,0.08808896005860545,D+8.8,4,0.112749260182153,D+11.3,-0.024660300123547554,R+2.5
2008,HI,325871,120566,0.4598745175691083,D+46.0,4,0.38445917199750285,D+38.4,0.07541534557160545,D+7.5
2012,HI,306658,121015,0.4340769700214884,D+43.4,4,0.3938791040370398,D+39.4,0.04019786598444858,D+4.0
2016,HI,266891,128847,0.3488267490107091,D+34.9,4,0.3255754692039879,D+32.6,0.023251279806721186,D+2.3
2020,HI,366130,196864,0.30065329293029763,D+30.1,4,0.2552935505077237,D+25.5,0.04535974242257394,D+4.5
2024,HI,313044,193661,0.23560651661223,D+23.6,4,0.25060320804643016,D+25.1,-0.014996691434200151,R+1.5
1976,IA,619931,632864,-0.010323317063047026,R+1.0,8,-0.033070300617905855,R+3.3,0.02274698355485883,D+2.3
1980,IA,508672,676026,-0.14126300542416717,R+14.1,8,-0.038111830035720745,R+3.8,-0.10315117538844643,R+10.3
1984,IA,605620,703088,-0.07447650660040284,R+7.4,8,0.10799051724009112,D+10.8,-0.18246702384049396,R+18.2
1988,IA,670557,545355,0.10296962280165012,D+10.3,8,0.1796187285789967,D+18.0,-0.07664910577734656,R+7.7
1992,IA,586353,504891,0.07465058227124273,D+7.5,7,0.002236665508168964,D+0.2,0.07241391676307377,D+7.2
1996,IA,620258,492644,0.11466777847465455,D+11.5,7,0.018587297957650475,D+1.9,0.09608048051700407,D+9.6
2000,IA,638517,634373,0.0032555837503633464,D+0.3,7,-0.0018778746191172027,R+0.2,0.005133458369480549,D+0.5
2004,IA,741898,751957,-0.006733585254258278,R+0.7,7,0.017926714869289276,D+1.8,-0.024660300123547554,R+2.5
2008,IA,828940,682379,0.09697555578934693,D+9.7,7,0.021560210217741474,D+2.2,0.07541534557160545,D+7.5
2012,IA,822544,730617,0.05918703856200355,D+5.9,6,0.018989172577554975,D+1.9,0.04019786598444858,D+4.0
2016,IA,653669,800983,-0.1012709569024069,R+10.1,6,-0.12452223670912808,R+12.5,0.023251279806721186,D+2.3
2020,IA,759061,897672,-0.08366526169274108,R+8.4,6,-0.12902500411531503,R+12.9,0.04535974242257394,D+4.5
2024,IA,707278,927019,-0.13445597709596235,R+13.4,6,-0.1194592856617622,R+11.9,-0.014996691434200151,R+1.5
1976,ID,126549,204151,-0.2346598125188993,R+23.5,4,-0.25740679607375816,R+25.7,0.02274698355485883,D+2.3
1980,ID,110192,290699,-0.4502645357466244,R+45.0,4,-0.34711336035817797,R+34.7,-0.10315117538844643,R+10.3
1984,ID,108510,297523,-0.46551142394829975,R+46.6,4,-0.2830444001078058,R+28.3,-0.18246702384049396,R+18.2
1988,ID,147272,253881,-0.265756457012661,R+26.6,4,-0.1891073512353144,R+18.9,-0.07664910577734656,R+7.7
1992,ID,137013,202645,-0.1932296604231315,R+19.3,4,-0.26564357718620524,R+26.6,0.07241391676307377,D+7.2
1996,ID,165443,256595,-0.2159805515143186,R+21.6,4,-0.3120610320313227,R+31.2,0.09608048051700407,D+9.6
2000,ID,138637,336937,-0.41696980911488013,R+41.7,4,-0.42210326748436067,R+42.2,0.005133458369480549,D+0.5
2004,ID,181098,409235,-0.3864547636672861,R+38.6,4,-0.36179446354373856,R+36.2,-0.024660300123547554,R+2.5
2008,ID,236440,403012,-0.26049179610041096,R+26.0,4,-0.3359071416720164,R+33.6,0.07541534557160545,D+7.5
2012,ID,212787,420911,-0.3284277368715066,R+32.8,4,-0.3686256028559552,R+36.9,0.04019786598444858,D+4.0
2016,ID,189765,409055,-0.3662035336161117,R+36.6,4,-0.3894548134228329,R+38.9,0.023251279806721186,D+2.3
2020,ID,287021,554119,-0.3175428585015574,R+31.8,4,-0.36290260092413135,R+36.3,0.04535974242257394,D+4.5
2024,ID,274972,605246,-0.37521841180253074,R+37.5,4,-0.3602217203683306,R+36.0,-0.014996691434200151,R+1.5
1976,IL,2271295,2364269,-0.020056674872787863,R+2.0,26,-0.04280365842764669,R+4.3,0.02274698355485883,D+2.3
1980,IL,1981413,2358049,-0.08679324764221924,R+8.7,26,0.016357927746227185,D+1.6,-0.10315117538844643,R+10.3
1984,IL,2086499,2707103,-0.129465066144415,R+12.9,24,0.05300195769607896,D+5.3,-0.18246702384049396,R+18.2
1988,IL,2215940,2310939,-0.0209855399271772,R+2.1,24,0.05566356585016936,D+5.6,-0.07664910577734656,R+7.7
1992,IL,2453350,1734096,0.17176436424493594,D+17.2,22,0.09935044748186217,D+9.9,0.07241391676307377,D+7.2
1996,IL,2341744,1587021,0.19210184370915542,D+19.2,22,0.09602136319215135,D+9.6,0.09608048051700407,D+9.6
2000,IL,2589026,2019421,0.12360020631679175,D+12.4,22,0.1184667479473112,D+11.8,0.005133458369480549,D+0.5
2004,IL,2891550,2345946,0.10417268099106901,D+10.4,21,0.12883298111461655,D+12.9,-0.024660300123547554,R+2.5
2008,IL,3419348,2031179,0.2546852808911872,D+25.5,21,0.17926993531958174,D+17.9,0.07541534557160545,D+7.5
2012,IL,3019512,2135216,0.17155046784233813,D+17.2,20,0.13135260185788955,D+13.1,0.04019786598444858,D+4.0
2016,IL,3090729,2146015,0.1804010278142296,D+18.0,20,0.15714974800750842,D+15.7,0.023251279806721186,D+2.3
2020,IL,3471915,2446891,0.1731808746561384,D+17.3,20,0.12782113223356445,D+12.8,0.04535974242257394,D+4.5
2024,IL,3062863,2449079,0.11135530816543425,D+11.1,19,0.1263519995996344,D+12.6,-0.014996691434200151,R+1.5
1976,IN,1014714,1183958,-0.07697555615389653,R+7.7,13,-0.09972253970875536,R+10.0,0.02274698355485883,D+2.3
1980,IN,844197,1255656,-0.19594657340299534,R+19.6,13,-0.09279539801454892,R+9.3,-0.10315117538844643,R+10.3
1984,IN,841481,1377230,-0.24146858243367433,R+24.1,12,-0.059001558593180375,R+5.9,-0.18246702384049396,R+18.2
1988,IN,860643,1297763,-0.2025198224986402,R+20.3,12,-0.12587071672129363,R+12.6,-0.07664910577734656,R+7.7
1992,IN,848420,989375,-0.07669789067877537,R+7.7,12,-0.14911180744184915,R+14.9,0.07241391676307377,D+7.2
1996,IN,887424,1006693,-0.06296812710091299,R+6.3,12,-0.15904860761791706,R+15.9,0.09608048051700407,D+9.6
2000,IN,901980,1245836,-0.1600956506516387,R+16.0,12,-0.16522910902111923,R+16.5,0.005133458369480549,D+0.5
2004,IN,969011,1479438,-0.20846952499316915,R+20.8,11,-0.1838092248696216,R+18.4,-0.024660300123547554,R+2.5
2008,IN,1374039,1345648,0.010439068907561789,D+1.0,11,-0.06497627666404367,R+6.5,0.07541534557160545,D+7.5
2012,IN,1152887,1420543,-0.10400749194654604,R+10.4,11,-0.14420535793099462,R+14.4,0.04019786598444858,D+4.0
2016,IN,1033126,1557286,-0.20234619049016142,R+20.2,11,-0.2255974702968826,R+22.6,0.023251279806721186,D+2.3
2020,IN,1242416,1729519,-0.16390096014885924,R+16.4,11,-0.2092607025714332,R+20.9,0.04535974242257394,D+4.5
2024,IN,1163603,1720347,-0.19304911666291025,R+19.3,11,-0.1780524252287101,R+17.8,-0.014996691434200151,R+1.5
1976,KS,430421,502752,-0.07751081525076273,R+7.8,7,-0.10025779880562155,R+10.0,0.02274698355485883,D+2.3
1980,KS,326150,566812,-0.2695097887704068,R+27.0,7,-0.1663586133819604,R+16.6,-0.10315117538844643,R+10.3
1984,KS,333149,677296,-0.3405895422313931,R+34.1,7,-0.15812251839089914,R+15.8,-0.18246702384049396,R+18.2
1988,KS,422636,554049,-0.13455003404372956,R+13.5,7,-0.057900928266383,R+5.8,-0.07664910577734656,R+7.7
1992,KS,390434,449951,-0.0708211117523516,R+7.1,6,-0.14323502851542536,R+14.3,0.07241391676307377,D+7.2
1996,KS,387659,583245,-0.20144731095968293,R+20.1,6,-0.297527791476687,R+29.8,0.09608048051700407,D+9.6
2000,KS,399276,622332,-0.2183381492705617,R+21.8,6,-0.22347160764004223,R+22.3,0.005133458369480549,D+0.5
2004,KS,434993,736456,-0.2573419756216446,R+25.7,6,-0.23268167549809707,R+23.3,-0.024660300123547554,R+2.5
2008,KS,514765,699655,-0.15224551637818876,R+15.2,6,-0.2276608619497942,R+22.8,0.07541534557160545,D+7.5
2012,KS,440726,692634,-0.22226653490506107,R+22.2,6,-0.2624644008895096,R+26.2,0.04019786598444858,D+4.0
2016,KS,427005,671018,-0.22222940685213333,R+22.2,6,-0.2454806866588545,R+24.5,0.023251279806721186,D+2.3
2020,KS,570323,771406,-0.14986856511262706,R+15.0,6,-0.19522830753520098,R+19.5,0.04535974242257394,D+4.5
2024,KS,544853,758802,-0.1641147389455032,R+16.4,6,-0.14911804751130306,R+14.9,-0.014996691434200151,R+1.5
1976,KY,615717,531852,0.07308057293286939,D+7.3,9,0.05033358937801056,D+5.0,0.02274698355485883,D+2.3
1980,KY,617417,635274,-0.014254912025391737,R+1.4,9,0.08889626336305469,D+8.9,-0.10315117538844643,R+10.3
1984,KY,539539,821702,-0.20728364778903957,R+20.7,9,-0.024816623948545613,R+2.5,-0.18246702384049396,R+18.2
1988,KY,580368,734281,-0.11707535623577092,R+11.7,9,-0.040426250458424365,R+4.0,-0.07664910577734656,R+7.7
1992,KY,665104,617178,0.037375553895321,D+3.7,8,-0.03503836286775277,R+3.5,0.07241391676307377,D+7.2
1996,KY,636614,623283,0.010581023686856941,D+1.1,8,-0.08549945683014713,R+8.5,0.09608048051700407,D+9.6
2000,KY,638923,872520,-0.1545523053135315,R+15.5,8,-0.15968576368301204,R+16.0,0.005133458369480549,D+0.5
2004,KY,712733,1069439,-0.20015239830947854,R+20.0,8,-0.17549209818593098,R+17.5,-0.024660300123547554,R+2.5
2008,KY,751985,1048462,-0.16466855175409217,R+16.5,8,-0.24008389732569763,R+24.0,0.07541534557160545,D+7.5
2012,KY,679370,1087190,-0.23085544787609819,R+23.1,8,-0.27105331386054676,R+27.1,0.04019786598444858,D+4.0
2016,KY,628854,1202971,-0.3134125803501972,R+31.3,8,-0.3366638601569184,R+33.7,0.023251279806721186,D+2.3
2020,KY,772474,1326646,-0.26400205800525933,R+26.4,8,-0.3093618004278333,R+30.9,0.04535974242257394,D+4.5
2024,KY,704043,1337494,-0.3102814203220417,R+31.0,8,-0.2952847288878416,R+29.5,-0.014996691434200151,R+1.5
1976,LA,661365,587446,0.05919150295761328,D+5.9,10,0.03644451940275445,D+3.6,0.02274698355485883,D+2.3
1980,LA,708453,792853,-0.05621771977198519,R+5.6,10,0.046933455616461235,D+4.7,-0.10315117538844643,R+10.3
1984,LA,651586,1037299,-0.228383223250843,R+22.8,10,-0.04591619941034905,R+4.6,-0.18246702384049396,R+18.2
1988,LA,717460,883702,-0.10382584647899464,R+10.4,10,-0.027176740701648078,R+2.7,-0.07664910577734656,R+7.7
1992,LA,815971,733386,0.053302757208312866,D+5.3,9,-0.0191111595547609,R+1.9,0.07241391676307377,D+7.2
1996,LA,927837,712586,0.13121676543184288,D+13.1,9,0.035136284914838806,D+3.5,0.09608048051700407,D+9.6
2000,LA,792344,927871,-0.07878491932694459,R+7.9,9,-0.08391837769642514,R+8.4,0.005133458369480549,D+0.5
2004,LA,820299,1102169,-0.14661882538486987,R+14.7,9,-0.12195852526132231,R+12.2,-0.024660300123547554,R+2.5
2008,LA,782989,1148275,-0.18914348323170732,R+18.9,9,-0.2645588288033128,R+26.5,0.07541534557160545,D+7.5
2012,LA,809141,1152262,-0.17493651228227958,R+17.5,8,-0.21513437826672815,R+21.5,0.04019786598444858,D+4.0
2016,LA,780154,1178638,-0.20343354475615583,R+20.3,8,-0.226684824562877,R+22.7,0.023251279806721186,D+2.3
2020,LA,856034,1255776,-0.18928880912582097,R+18.9,8,-0.23464855154839492,R+23.5,0.04535974242257394,D+4.5
2024,LA,766870,1208505,-0.2235702081883187,R+22.4,8,-0.20857351675411853,R+20.9,-0.014996691434200151,R+1.5
1976,MA,1429475,1030276,0.16229244342211874,D+16.2,14,0.1395454598672599,D+14.0,0.02274698355485883,D+2.3
1980,MA,1053802,1057631,-0.001813460337126492,R+0.2,14,0.10133771505131993,D+10.1,-0.10315117538844643,R+10.3
1984,MA,1239606,1310936,-0.027966604745187494,R+2.8,13,0.15450041909530646,D+15.5,-0.18246702384049396,R+18.2
1988,MA,1401415,1194635,0.07965177866373914,D+8.0,13,0.1563008844410857,D+15.6,-0.07664910577734656,R+7.7
1992,MA,1318639,805039,0.24184457342403132,D+24.2,12,0.16943065666095755,D+16.9,0.07241391676307377,D+7.2
1996,MA,1571509,718058,0.3727565081083017,D+37.3,12,0.2766760275912976,D+27.7,0.09608048051700407,D+9.6
2000,MA,1616487,878502,0.29578687521267627,D+29.6,12,0.29065341684319573,D+29.1,0.005133458369480549,D+0.5
2004,MA,1803800,1071109,0.2548571102598378,D+25.5,12,0.27951741038338535,D+28.0,-0.024660300123547554,R+2.5
2008,MA,1904097,1108854,0.2639415642670591,D+26.4,12,0.18852621869545366,D+18.9,0.07541534557160545,D+7.5
2012,MA,1921290,1188314,0.2357136149812002,D+23.6,11,0.19551574899675161,D+19.6,0.04019786598444858,D+4.0
2016,MA,1995196,1090893,0.2930255737925899,D+29.3,11,0.2697742939858687,D+27.0,0.023251279806721186,D+2.3
2020,MA,2382202,1167202,0.34231099080296296,D+34.2,11,0.296951248380389,D+29.7,0.04535974242257394,D+4.5
2024,MA,2126518,1251303,0.2591063884083852,D+25.9,11,0.2741030798425853,D+27.4,-0.014996691434200151,R+1.5
1976,MD,759612,672661,0.06070839846872768,D+6.1,10,0.03796141491386885,D+3.8,0.02274698355485883,D+2.3
1980,MD,726161,680606,0.03238276132436999,D+3.2,10,0.1355339367128164,D+13.6,-0.10315117538844643,R+10.3
1984,MD,787935,879918,-0.05515054384289263,R+5.5,10,0.12731647999760132,D+12.7,-0.18246702384049396,R+18.2
1988,MD,826304,876167,-0.029288604622340116,R+2.9,10,0.04736050115500644,D+4.7,-0.07664910577734656,R+7.7
1992,MD,988571,707094,0.16599800078435303,D+16.6,10,0.09358408402127927,D+9.4,0.07241391676307377,D+7.2
1996,MD,966207,681530,0.17276846972544768,D+17.3,10,0.07668798920844361,D+7.7,0.09608048051700407,D+9.6
2000,MD,1144008,813827,0.16864597884908586,D+16.9,10,0.16351252047960532,D+16.4,0.005133458369480549,D+0.5
2004,MD,1334493,1024703,0.131311684150024,D+13.1,10,0.15597198427357156,D+15.6,-0.024660300123547554,R+2.5
2008,MD,1629467,959862,0.2586017458577106,D+25.9,10,0.18318640028610517,D+18.3,0.07541534557160545,D+7.5
2012,MD,1677844,971869,0.26643451573811955,D+26.6,10,0.22623664975367097,D+22.6,0.04019786598444858,D+4.0
2016,MD,1677928,943169,0.2803249936953878,D+28.0,10,0.2570737138886666,D+25.7,0.023251279806721186,D+2.3
2020,MD,1985023,976414,0.3405809409418468,D+34.1,10,0.29522119851927286,D+29.5,0.04535974242257394,D+4.5
2024,MD,1902577,1035550,0.29509514054361846,D+29.5,10,0.3100918319778186,D+31.0,-0.014996691434200151,R+1.5
1976,ME,232279,236320,-0.008623577941907686,R+0.9,5,-0.031370561496766515,R+3.1,0.02274698355485883,D+2.3
1980,ME,220974,238522,-0.0381896686804673,R+3.8,5,0.06496150670797912,D+6.5,-0.10315117538844643,R+10.3
1984,ME,214515,336500,-0.22138235801203235,R+22.1,5,-0.03891533417153839,R+3.9,-0.18246702384049396,R+18.2
1988,ME,243569,307131,-0.11542037406936625,R+11.5,5,-0.0387712682920197,R+3.9,-0.07664910577734656,R+7.7
1992,ME,263420,206504,0.1211174572909662,D+12.1,5,0.04870354052789243,D+4.9,0.07241391676307377,D+7.2
1996,ME,312788,186378,0.2532424083371063,D+25.3,5,0.15716192782010224,D+15.7,0.09608048051700407,D+9.6
2000,ME,319951,286616,0.054956830820008344,D+5.5,5,0.04982337245052779,D+5.0,0.005133458369480549,D+0.5
2004,ME,396842,330201,0.09166032820617212,D+9.2,5,0.11632062832971968,D+11.6,-0.024660300123547554,R+2.5
2008,ME,421923,295273,0.17659049966815207,D+17.7,5,0.10117515409654662,D+10.1,0.07541534557160545,D+7.5
2012,ME,401306,292276,0.15719842787154223,D+15.7,5,0.11700056188709365,D+11.7,0.04019786598444858,D+4.0
2016,ME,357735,335593,0.03193582258325064,D+3.2,4,0.008684542776529452,D+0.9,0.023251279806721186,D+2.3
2020,ME,435072,360737,0.09340809164007946,D+9.3,4,0.04804834921750552,D+4.8,0.04535974242257394,D+4.5
2024,ME,435652,377977,0.0708861163994892,D+7.1,4,0.08588280783368936,D+8.6,-0.014996691434200151,R+1.5
1976,MI,1696714,1893742,-0.05487548099739977,R+5.5,21,-0.0776224645522586,R+7.8,0.02274698355485883,D+2.3
1980,MI,1661532,1915225,-0.07092821793596825,R+7.1,21,0.032222957452478176,D+3.2,-0.10315117538844643,R+10.3
1984,MI,1529638,2251571,-0.1909264999633715,R+19.1,20,-0.008459476122877535,R+0.8,-0.18246702384049396,R+18.2
1988,MI,1675783,1965486,-0.0795609992011027,R+8.0,20,-0.00291189342375614,R+0.3,-0.07664910577734656,R+7.7
1992,MI,1871182,1554940,0.09230319293942248,D+9.2,18,0.01988927617634871,D+2.0,0.07241391676307377,D+7.2
1996,MI,1989653,1481212,0.1464882673339355,D+14.6,18,0.05040778681693142,D+5.0,0.09608048051700407,D+9.6
2000,MI,2170418,1953139,0.0526921296346819,D+5.3,18,0.04755867126520135,D+4.8,0.005133458369480549,D+0.5
2004,MI,2479183,2313746,0.03451688935930409,D+3.5,17,0.05917718948285164,D+5.9,-0.024660300123547554,R+2.5
2008,MI,2872579,2048639,0.16742603152309044,D+16.7,17,0.09201068595148498,D+9.2,0.07541534557160545,D+7.5
2012,MI,2564569,2115256,0.0960106414235575,D+9.6,16,0.055812775439108925,D+5.6,0.04019786598444858,D+4.0
2016,MI,2268839,2279543,-0.0023533643392309616,R+0.2,16,-0.02560464414595215,R+2.6,0.023251279806721186,D+2.3
2020,MI,2804040,2649852,0.028271186888189206,D+2.8,16,-0.017088555534384736,R+1.7,0.04535974242257394,D+4.5
2024,MI,2736533,2816636,-0.014424736578339323,R+1.4,15,0.0005719548558608279,D+0.1,-0.014996691434200151,R+1.5
1976,MN,1070440,819395,0.13283963943942195,D+13.3,10,0.11009265588456313,D+11.0,0.02274698355485883,D+2.3
1980,MN,954173,873268,0.044272291143735966,D+4.4,10,0.14742346653218238,D+14.7,-0.10315117538844643,R+10.3
1984,MN,1036364,1032603,0.0018178153638989893,D+0.2,10,0.18428483920439295,D+18.4,-0.18246702384049396,R+18.2
1988,MN,1109471,962337,0.07101719850488077,D+7.1,10,0.14766630428222732,D+14.8,-0.07664910577734656,R+7.7
1992,MN,1020997,747841,0.15442680448972715,D+15.4,10,0.08201288772665338,D+8.2,0.07241391676307377,D+7.2
1996,MN,1120380,766395,0.1876137854275152,D+18.8,10,0.09153330491051112,D+9.2,0.09608048051700407,D+9.6
2000,MN,1168266,1109659,0.02572823951622639,D+2.6,10,0.020594781146745844,D+2.1,0.005133458369480549,D+0.5
2004,MN,1445014,1346695,0.03521821221337897,D+3.5,10,0.05987851233692652,D+6.0,-0.024660300123547554,R+2.5
2008,MN,1573354,1275409,0.10458749990785474,D+10.5,10,0.029172154336249284,D+2.9,0.07541534557160545,D+7.5
2012,MN,1546167,1320225,0.07882452923396381,D+7.9,10,0.03862666324951523,D+3.9,0.04019786598444858,D+4.0
2016,MN,1367705,1322949,0.016633874143609693,D+1.7,10,-0.006617405663111493,R+0.7,0.023251279806721186,D+2.3
2020,MN,1717077,1484065,0.07279027297133335,D+7.3,10,0.027430530548759408,D+2.7,0.04535974242257394,D+4.5
2024,MN,1656979,1519032,0.043434043521889565,D+4.3,10,0.05843073495608972,D+5.8,-0.014996691434200151,R+1.5
1976,MO,998387,927443,0.036838142515175275,D+3.7,12,0.014091158960316444,D+1.4,0.02274698355485883,D+2.3
1980,MO,931182,1074181,-0.07130828682886839,R+7.1,12,0.031842888559578036,D+3.2,-0.10315117538844643,R+10.3
1984,MO,848583,1274188,-0.2004950133575407,R+20.0,11,-0.018027989517046733,R+1.8,-0.18246702384049396,R+18.2
1988,MO,1001619,1084953,-0.0399382336195444,R+4.0,11,0.03671087215780216,D+3.7,-0.07664910577734656,R+7.7
1992,MO,1053873,811159,0.1301393220062712,D+13.0,11,0.05772540524319744,D+5.8,0.07241391676307377,D+7.2
1996,MO,1025935,890016,0.0709407495285631,D+7.1,11,-0.02513973098844098,R+2.5,0.09608048051700407,D+9.6
2000,MO,1111138,1189924,-0.03423897313501331,R+3.4,11,-0.03937243150449386,R+3.9,0.005133458369480549,D+0.5
2004,MO,1259171,1455713,-0.072394253308797,R+7.2,11,-0.047733953185249436,R+4.8,-0.024660300123547554,R+2.5
2008,MO,1441911,1445814,-0.0013515829935329714,R+0.1,11,-0.07676692856513842,R+7.7,0.07541534557160545,D+7.5
2012,MO,1223796,1482440,-0.09557333506759942,R+9.6,10,-0.13577120105204799,R+13.6,0.04019786598444858,D+4.0
2016,MO,1071068,1594511,-0.19637121991132134,R+19.6,10,-0.2196224997180425,R+22.0,0.023251279806721186,D+2.3
2020,MO,1253014,1718736,-0.15671641288802893,R+15.7,10,-0.20207615531060286,R+20.2,0.04535974242257394,D+4.5
2024,MO,1200599,1751986,-0.18674720626163174,R+18.7,10,-0.1717505148274316,R+17.2,-0.014996691434200151,R+1.5
1976,MS,381329,366846,0.019357770575065995,D+1.9,7,-0.0033892129797928362,R+0.3,0.02274698355485883,D+2.3
1980,MS,429281,441089,-0.01356664407091237,R+1.4,7,0.08958453131753405,D+9.0,-0.10315117538844643,R+10.3
1984,MS,352192,582377,-0.24630070117883215,R+24.6,7,-0.0638336773383382,R+6.4,-0.18246702384049396,R+18.2
1988,MS,363921,557890,-0.21042165910365573,R+21.0,7,-0.13377255332630916,R+13.4,-0.07664910577734656,R+7.7
1992,MS,400258,487793,-0.09856978934768386,R+9.9,7,-0.17098370611075764,R+17.1,0.07241391676307377,D+7.2
1996,MS,394022,439838,-0.054944475091742016,R+5.5,7,-0.1510249556087461,R+15.1,0.09608048051700407,D+9.6
2000,MS,404614,572844,-0.1721096967849258,R+17.2,7,-0.17724315515440633,R+17.7,0.005133458369480549,D+0.5
2004,MS,457766,672660,-0.19010001539242727,R+19.0,6,-0.1654397152688797,R+16.5,-0.024660300123547554,R+2.5
2008,MS,554662,724597,-0.13283861985727674,R+13.3,6,-0.2082539654288822,R+20.8,0.07541534557160545,D+7.5
2012,MS,562949,710746,-0.11603798397575557,R+11.6,6,-0.15623584996020415,R+15.6,0.04019786598444858,D+4.0
2016,MS,485131,700714,-0.18179694648120118,R+18.2,6,-0.20504822628792235,R+20.5,0.023251279806721186,D+2.3
2020,MS,539398,756764,-0.1676997165477772,R+16.8,6,-0.21305945897035117,R+21.3,0.04535974242257394,D+4.5
2024,MS,466668,747744,-0.23145028211183685,R+23.1,6,-0.2164535906776367,R+21.6,-0.014996691434200151,R+1.5
1976,MT,149259,173703,-0.0756869229197243,R+7.6,4,-0.09843390647458314,R+9.8,0.02274698355485883,D+2.3
1980,MT,118032,206814,-0.27330488908590533,R+27.3,4,-0.1701537136974589,R+17.0,-0.10315117538844643,R+10.3
1984,MT,146742,232450,-0.22602797527373994,R+22.6,4,-0.04356095143324598,R+4.4,-0.18246702384049396,R+18.2
1988,MT,168936,190412,-0.059763794427685694,R+6.0,4,0.016885311349660863,D+1.7,-0.07664910577734656,R+7.7
1992,MT,154507,144207,0.03448114249750597,D+3.4,3,-0.03793277426556779,R+3.8,0.07241391676307377,D+7.2
1996,MT,167922,179652,-0.03374820901448325,R+3.4,3,-0.12982868953148732,R+13.0,0.09608048051700407,D+9.6
2000,MT,137126,240178,-0.2731272395733944,R+27.3,3,-0.27826069794287495,R+27.8,0.005133458369480549,D+0.5
2004,MT,173710,266063,-0.21000152351326706,R+21.0,3,-0.1853412233897195,R+18.5,-0.024660300123547554,R+2.5
2008,MT,231667,242763,-0.023388065678814577,R+2.3,3,-0.09880341125042003,R+9.9,0.07541534557160545,D+7.5
2012,MT,201839,267928,-0.14068463727762912,R+14.1,3,-0.1808825032620777,R+18.1,0.04019786598444858,D+4.0
2016,MT,177709,279240,-0.22219328634048877,R+22.2,3,-0.24544456614720994,R+24.5,0.023251279806721186,D+2.3
2020,MT,244786,343602,-0.16794360184096208,R+16.8,3,-0.21330334426353603,R+21.3,0.04535974242257394,D+4.5
2024,MT,231906,352079,-0.20578097040163704,R+20.6,4,-0.19078427896743688,R+19.1,-0.014996691434200151,R+1.5
1976,NC,927365,741960,0.11106584996929897,D+11.1,13,0.08831886641444014,D+8.8,0.02274698355485883,D+2.3
1980,NC,875635,915018,-0.02199365259489136,R+2.2,13,0.08115752279355506,D+8.1,-0.10315117538844643,R+10.3
1984,NC,824287,1346481,-0.2405572589977372,R+24.1,13,-0.058090235157243236,R+5.8,-0.18246702384049396,R+18.2
1988,NC,890167,1237258,-0.16315075737100015,R+16.3,13,-0.0865016515936536,R+8.7,-0.07664910577734656,R+7.7
1992,NC,1114042,1134661,-0.009169285583734268,R+0.9,14,-0.08158320234680803,R+8.2,0.07241391676307377,D+7.2
1996,NC,1107849,1225938,-0.050599733394692835,R+5.1,14,-0.14668021391169692,R+14.7,0.09608048051700407,D+9.6
2000,NC,1257692,1631163,-0.12927993963006104,R+12.9,14,-0.13441339799954158,R+13.4,0.005133458369480549,D+0.5
2004,NC,1525849,1961166,-0.12483944003682232,R+12.5,15,-0.10017913991327476,R+10.0,-0.024660300123547554,R+2.5
2008,NC,2142651,2128474,0.0033192660013462495,D+0.3,15,-0.07209607957025921,R+7.2,0.07541534557160545,D+7.5
2012,NC,2178391,2270395,-0.020680698060099992,R+2.1,15,-0.06087856404454857,R+6.1,0.04019786598444858,D+4.0
2016,NC,2189316,2362631,-0.038074916074374326,R+3.8,15,-0.061326195881095516,R+6.1,0.023251279806721186,D+2.3
2020,NC,2684292,2758773,-0.013683650663734495,R+1.4,15,-0.05904339308630844,R+5.9,0.04535974242257394,D+4.5
2024,NC,2715375,2898423,-0.03260680202600806,R+3.3,16,-0.01761011059180791,R+1.8,-0.014996691434200151,R+1.5
1976,ND,136078,153684,-0.060760210103464225,R+6.1,3,-0.08350719365832306,R+8.4,0.02274698355485883,D+2.3
1980,ND,79189,193695,-0.4196141950425822,R+42.0,3,-0.31646301965413576,R+31.6,-0.10315117538844643,R+10.3
1984,ND,104429,200336,-0.31469164766295343,R+31.5,3,-0.13222462382245947,R+13.2,-0.18246702384049396,R+18.2
1988,ND,127739,166559,-0.13190711455735343,R+13.2,3,-0.055258008780006876,R+5.5,-0.07664910577734656,R+7.7
1992,ND,99168,136244,-0.15749409545817544,R+15.7,3,-0.2299080122212492,R+23.0,0.07241391676307377,D+7.2
1996,ND,106905,125050,-0.078226380116833,R+7.8,3,-0.17430686063383707,R+17.4,0.09608048051700407,D+9.6
2000,ND,95284,174852,-0.29454793141232566,R+29.5,3,-0.2996813897818062,R+30.0,0.005133458369480549,D+0.5
2004,ND,111052,196651,-0.2781870829988658,R+27.8,3,-0.25352678287531827,R+25.4,-0.024660300123547554,R+2.5
2008,ND,141278,168601,-0.08817312563936246,R+8.8,3,-0.16358847121096792,R+16.4,0.07541534557160545,D+7.5
2012,ND,124966,188320,-0.20222416577823457,R+20.2,3,-0.24242203176268315,R+24.2,0.04019786598444858,D+4.0
2016,ND,93758,216794,-0.39618485793039493,R+39.6,3,-0.41943613773711613,R+41.9,0.023251279806721186,D+2.3
2020,ND,114902,235595,-0.3443481684579326,R+34.4,3,-0.38970791088050655,R+39.0,0.04535974242257394,D+4.5
2024,ND,112327,246505,-0.3739298613278637,R+37.4,3,-0.3589331698936636,R+35.9,-0.014996691434200151,R+1.5
1976,NE,233293,359219,-0.21252902894793693,R+21.3,6,-0.23527601250279576,R+23.5,0.02274698355485883,D+2.3
1980,NE,166424,419214,-0.43164890256438276,R+43.2,6,-0.32849772717593634,R+32.8,-0.10315117538844643,R+10.3
1984,NE,187866,460054,-0.42009507346586,R+42.0,6,-0.23762804962536604,R+23.8,-0.18246702384049396,R+18.2
1988,NE,259235,397956,-0.21108170988342811,R+21.1,6,-0.13443260410608154,R+13.4,-0.07664910577734656,R+7.7
1992,NE,216864,343678,-0.2262346086466313,R+22.6,6,-0.2986485254097051,R+29.9,0.07241391676307377,D+7.2
1996,NE,236761,363467,-0.2110964500156607,R+21.1,6,-0.3071769305326648,R+30.7,0.09608048051700407,D+9.6
2000,NE,231780,433862,-0.30358961724170047,R+30.4,6,-0.308723075611181,R+30.9,0.005133458369480549,D+0.5
2004,NE,254328,512814,-0.33694674519189405,R+33.7,6,-0.3122864450683465,R+31.2,-0.024660300123547554,R+2.5
2008,NE,333319,452979,-0.15218148844331283,R+15.2,5,-0.2275968340149183,R+22.8,0.07541534557160545,D+7.5
2012,NE,302081,475064,-0.22258780536450726,R+22.3,6,-0.2627856713489558,R+26.3,0.04019786598444858,D+4.0
2016,NE,284494,495961,-0.27095348226355137,R+27.1,6,-0.2942047620702726,R+29.4,0.023251279806721186,D+2.3
2020,NE,374583,556846,-0.19568104493203453,R+19.6,5,-0.2410407873546085,R+24.1,0.04535974242257394,D+4.5
2024,NE,369995,564816,-0.20840683303897795,R+20.8,5,-0.1934101416047778,R+19.3,-0.014996691434200151,R+1.5
1976,NH,147645,185935,-0.11478505905629834,R+11.5,4,-0.13753204261115717,R+13.8,0.02274698355485883,D+2.3
1980,NH,108864,221705,-0.34135384745696057,R+34.1,4,-0.23820267206851414,R+23.8,-0.10315117538844643,R+10.3
1984,NH,120347,267050,-0.37868904508811374,R+37.9,4,-0.19622202124761978,R+19.6,-0.18246702384049396,R+18.2
1988,NH,163696,281537,-0.26467265454267763,R+26.5,4,-0.18802354876533106,R+18.8,-0.07664910577734656,R+7.7
1992,NH,209040,202484,0.015931027108989998,D+1.6,4,-0.05648288965408377,R+5.6,0.07241391676307377,D+7.2
1996,NH,246166,196486,0.1122326342137842,D+11.2,4,0.016152153696780122,D+1.6,0.09608048051700407,D+9.6
2000,NH,266348,273559,-0.013356003904376124,R+1.3,4,-0.01848946227385667,R+1.8,0.005133458369480549,D+0.5
2004,NH,340511,331237,0.013805772402746268,D+1.4,4,0.03846607252629382,D+3.8,-0.024660300123547554,R+2.5
2008,NH,384826,316534,0.09737082240219003,D+9.7,4,0.021955476830584575,D+2.2,0.07541534557160545,D+7.5
2012,NH,369561,329918,0.05667503956516207,D+5.7,4,0.016477173580713496,D+1.6,0.04019786598444858,D+4.0
2016,NH,348526,345790,0.003940568847614055,D+0.4,4,-0.019310710959107132,R+1.9,0.023251279806721186,D+2.3
2020,NH,424921,365654,0.07496695443190084,D+7.5,4,0.029607212009326894,D+3.0,0.04535974242257394,D+4.5
2024,NH,418488,395523,0.02821214946726764,D+2.8,4,0.04320884090146779,D+4.3,-0.014996691434200151,R+1.5
1976,NJ,1444653,1509688,-0.0220133694790141,R+2.2,17,-0.044760353033872935,R+4.5,0.02274698355485883,D+2.3
1980,NJ,1147364,1546557,-0.14818289029262552,R+14.8,17,-0.04503171490417909,R+4.5,-0.10315117538844643,R+10.3
1984,NJ,1261323,1933630,-0.21042782162992696,R+21.0,16,-0.027960797789433,R+2.8,-0.18246702384049396,R+18.2
1988,NJ,1320352,1743192,-0.13802315227070347,R+13.8,16,-0.06137404649335691,R+6.1,-0.07664910577734656,R+7.7
1992,NJ,1436206,1356865,0.02840636704186897,D+2.8,15,-0.0440075497212048,R+4.4,0.07241391676307377,D+7.2
1996,NJ,1652361,1103099,0.19933586406625392,D+19.9,15,0.10325538354924985,D+10.3,0.09608048051700407,D+9.6
2000,NJ,1788850,1284173,0.16422818833441857,D+16.4,15,0.15909472996493804,D+15.9,0.005133458369480549,D+0.5
2004,NJ,1911430,1670003,0.06741072637684413,D+6.7,15,0.09207102650039169,D+9.2,-0.024660300123547554,R+2.5
2008,NJ,2215422,1613207,0.15729259742847898,D+15.7,15,0.08187725185687353,D+8.2,0.07541534557160545,D+7.5
2012,NJ,2122786,1478088,0.1790393110117155,D+17.9,14,0.13884144502726692,D+13.9,0.04019786598444858,D+4.0
2016,NJ,2148278,1601933,0.14568380285802585,D+14.6,14,0.12243252305130466,D+12.2,0.023251279806721186,D+2.3
2020,NJ,2608335,1883274,0.16142567173589686,D+16.1,14,0.11606592931332292,D+11.6,0.04535974242257394,D+4.5
2024,NJ,2220713,1968215,0.06027747433233514,D+6.0,14,0.0752741657665353,D+7.5,-0.014996691434200151,R+1.5
1976,NM,201148,211419,-0.024895350330976545,R+2.5,4,-0.04764233388583537,R+4.8,0.02274698355485883,D+2.3
1980,NM,167826,250779,-0.19816533486222096,R+19.8,4,-0.09501415947377453,R+9.5,-0.10315117538844643,R+10.3
1984,NM,201769,307101,-0.20699196258376404,R+20.7,5,-0.02452493874327008,R+2.5,-0.18246702384049396,R+18.2
1988,NM,244497,270341,-0.05019831480970713,R+5.0,5,0.02645079096763943,D+2.6,-0.07664910577734656,R+7.7
1992,NM,261617,212824,0.10284313539512815,D+10.3,5,0.03042921863205439,D+3.0,0.07241391676307377,D+7.2
1996,NM,273495,232751,0.08048261122063187,D+8.0,5,-0.015597869296372205,R+1.6,0.09608048051700407,D+9.6
2000,NM,286783,286417,0.0006385205861828332,D+0.1,5,-0.004494937783297716,R+0.4,0.005133458369480549,D+0.5
2004,NM,370942,376930,-0.008006717727097686,R+0.8,5,0.016653582396449866,D+1.7,-0.024660300123547554,R+2.5
2008,NM,472422,346832,0.1532980003759518,D+15.3,5,0.07788265480434634,D+7.8,0.07541534557160545,D+7.5
2012,NM,415335,335788,0.1059040929381739,D+10.6,5,0.06570622695372533,D+6.6,0.04019786598444858,D+4.0
2016,NM,385234,319667,0.09301589868648222,D+9.3,5,0.06976461887976103,D+7.0,0.023251279806721186,D+2.3
2020,NM,501614,401894,0.11036980303439482,D+11.0,5,0.06501006061182088,D+6.5,0.04535974242257394,D+4.5
2024,NM,478802,423391,0.06141812228647307,D+6.1,5,0.07641481372067323,D+7.6,-0.014996691434200151,R+1.5
1976,NV,92479,101273,-0.045387918576324376,R+4.5,3,-0.0681349021311832,R+6.8,0.02274698355485883,D+2.3
1980,NV,66666,155017,-0.3985465732600154,R+39.9,3,-0.295395397871569,R+29.5,-0.10315117538844643,R+10.3
1984,NV,91655,188770,-0.3463136310956584,R+34.6,4,-0.16384660725516442,R+16.4,-0.18246702384049396,R+18.2
1988,NV,132738,206040,-0.21637178329171317,R+21.6,4,-0.13972267751436662,R+14.0,-0.07664910577734656,R+7.7
1992,NV,189148,175828,0.03649555039235457,D+3.6,4,-0.0359183663707192,R+3.6,0.07241391676307377,D+7.2
1996,NV,203974,199244,0.011730627104940751,D+1.2,4,-0.08434985341206333,R+8.4,0.09608048051700407,D+9.6
2000,NV,279978,301575,-0.03713676999344857,R+3.7,4,-0.042270228362929124,R+4.2,0.005133458369480549,D+0.5
2004,NV,397190,418690,-0.026351914497229983,R+2.6,5,-0.0016916143736824298,R+0.2,-0.024660300123547554,R+2.5
2008,NV,533736,412827,0.12773476250392207,D+12.8,5,0.05231941693231662,D+5.2,0.07541534557160545,D+7.5
2012,NV,531373,463567,0.06815084326693067,D+6.8,6,0.027952977282482097,D+2.8,0.04019786598444858,D+4.0
2016,NV,539260,512058,0.02587418839970399,D+2.6,6,0.0026229085929828054,D+0.3,0.023251279806721186,D+2.3
2020,NV,703486,669890,0.02446234680087609,D+2.4,6,-0.020897395621697852,R+2.1,0.04535974242257394,D+4.5
2024,NV,705197,751205,-0.031590179085170166,R+3.2,6,-0.016593487650970015,R+1.7,-0.014996691434200151,R+1.5
1976,NY,3244165,2825913,0.06890389217403796,D+6.9,41,0.04615690861917913,D+4.6,0.02274698355485883,D+2.3
1980,NY,2728372,2637700,0.016897276070839153,D+1.7,41,0.12004845145928558,D+12.0,-0.10315117538844643,R+10.3
1984,NY,3001285,3376519,-0.058834357405777915,R+5.9,36,0.12363266643471604,D+12.4,-0.18246702384049396,R+18.2
1988,NY,3255487,2838414,0.06844105278375871,D+6.8,36,0.14509015856110527,D+14.5,-0.07664910577734656,R+7.7
1992,NY,3346894,2041690,0.24221650808449863,D+24.2,33,0.16980259132142486,D+17.0,0.07241391676307377,D+7.2
1996,NY,3649630,1738707,0.3546405876247161,D+35.5,33,0.25856010710771204,D+25.9,0.09608048051700407,D+9.6
2000,NY,3942215,2258577,0.2715198316602137,D+27.2,33,0.26638637329073317,D+26.6,0.005133458369480549,D+0.5
2004,NY,4180755,2806993,0.19659581312892221,D+19.7,31,0.22125611325246977,D+22.1,-0.024660300123547554,R+2.5
2008,NY,4645332,2418323,0.31527714759568526,D+31.5,31,0.2398618020240798,D+24.0,0.07541534557160545,D+7.5
2012,NY,4324228,2223397,0.3208538974055478,D+32.1,29,0.28065603142109924,D+28.1,0.04019786598444858,D+4.0
2016,NY,4379789,2527142,0.26823012999550744,D+26.8,29,0.24497885018878626,D+24.5,0.023251279806721186,D+2.3
2020,NY,5230985,3244798,0.23433669786024489,D+23.4,29,0.18897695543767096,D+18.9,0.04535974242257394,D+4.5
2024,NY,4619195,3578899,0.12689486117138934,D+12.7,28,0.1418915526055895,D+14.2,-0.014996691434200151,R+1.5
1976,OH,2009959,2000626,0.002327091932972372,D+0.2,25,-0.020419891621886458,R+2.0,0.02274698355485883,D+2.3
1980,OH,1752414,2206545,-0.11470970020149236,R+11.5,25,-0.011558524813045937,R+1.2,-0.10315117538844643,R+10.3
1984,OH,1825440,2678559,-0.18941367438136641,R+18.9,23,-0.006946650540872457,R+0.7,-0.18246702384049396,R+18.2
1988,OH,1939629,2416549,-0.10948129300501494,R+10.9,23,-0.03283218722766838,R+3.3,-0.07664910577734656,R+7.7
1992,OH,1984942,1894310,0.02336326693909032,D+2.3,21,-0.049050649823983446,R+4.9,0.07241391676307377,D+7.2
1996,OH,2148222,1859883,0.07193898363441077,D+7.2,21,-0.024141496882593302,R+2.4,0.09608048051700407,D+9.6
2000,OH,2183628,2350363,-0.036774444413321505,R+3.7,21,-0.041907902782802056,R+4.2,0.005133458369480549,D+0.5
2004,OH,2741165,2859764,-0.02117488009578411,R+2.1,20,0.003485420027763444,D+0.3,-0.024660300123547554,R+2.5
2008,OH,2940044,2677820,0.04667681524508247,D+4.7,20,-0.02873853032652298,R+2.9,0.07541534557160545,D+7.5
2012,OH,2827621,2661407,0.03028113538498984,D+3.0,18,-0.009916730599458738,R+1.0,0.04019786598444858,D+4.0
2016,OH,2394164,2841005,-0.0853536915427181,R+8.5,18,-0.10860497134943929,R+10.9,0.023251279806721186,D+2.3
2020,OH,2679165,3154834,-0.08153395295405433,R+8.2,18,-0.12689369537662826,R+12.7,0.04535974242257394,D+4.5
2024,OH,2533699,3180116,-0.11313229427274071,R+11.3,17,-0.09813560283854056,R+9.8,-0.014996691434200151,R+1.5
1976,OK,532442,545708,-0.012304410332514028,R+1.2,8,-0.035051393887372856,R+3.5,0.02274698355485883,D+2.3
1980,OK,402026,695570,-0.26744266560738195,R+26.7,8,-0.16429149021893552,R+16.4,-0.10315117538844643,R+10.3
1984,OK,385080,861530,-0.3821965169539792,R+38.2,8,-0.19972949311348526,R+20.0,-0.18246702384049396,R+18.2
1988,OK,483423,678367,-0.16779624544883326,R+16.8,8,-0.0911471396714867,R+9.1,-0.07664910577734656,R+7.7
1992,OK,473066,592929,-0.11244236605237361,R+11.2,8,-0.18485628281544736,R+18.5,0.07241391676307377,D+7.2
1996,OK,488105,582315,-0.08801218213411557,R+8.8,8,-0.18409266265111965,R+18.4,0.09608048051700407,D+9.6
2000,OK,474276,744337,-0.22161342444237833,R+22.2,8,-0.22674688281185887,R+22.7,0.005133458369480549,D+0.5
2004,OK,503966,959792,-0.3114080332951212,R+31.1,7,-0.28674773317157365,R+28.7,-0.024660300123547554,R+2.5
2008,OK,502496,960165,-0.31290162245387004,R+31.3,7,-0.3883169680254755,R+38.8,0.07541534557160545,D+7.5
2012,OK,443547,891325,-0.3354463948603312,R+33.5,7,-0.37564426084477975,R+37.6,0.04019786598444858,D+4.0
2016,OK,420375,949136,-0.38609474476656264,R+38.6,7,-0.40934602457328384,R+40.9,0.023251279806721186,D+2.3
2020,OK,503890,1020280,-0.3388007899381303,R+33.9,7,-0.38416053236070424,R+38.4,0.04535974242257394,D+4.5
2024,OK,499599,1036213,-0.34940083812341616,R+34.9,7,-0.33440414668921603,R+33.4,-0.014996691434200151,R+1.5
1976,OR,490407,492120,-0.0017434635384065782,R+0.2,6,-0.024490447093265408,R+2.4,0.02274698355485883,D+2.3
1980,OR,456890,571044,-0.11105187687147229,R+11.1,6,-0.007900701483025865,R+0.8,-0.10315117538844643,R+10.3
1984,OR,536479,685700,-0.12209422678674728,R+12.2,7,0.06037279705374668,D+6.0,-0.18246702384049396,R+18.2
1988,OR,616206,560126,0.04767361595195914,D+4.8,7,0.1243227217293057,D+12.4,-0.07664910577734656,R+7.7
1992,OR,621314,475757,0.13267783033185637,D+13.3,7,0.06026391356878261,D+6.0,0.07241391676307377,D+7.2
1996,OR,649641,538152,0.09386231439316446,D+9.4,7,-0.0022181661238396128,R+0.2,0.09608048051700407,D+9.6
2000,OR,720342,713577,0.004717839710611269,D+0.5,7,-0.00041561865886927986,R+0.0,0.005133458369480549,D+0.5
2004,OR,943163,866831,0.04217251548900162,D+4.2,7,0.06683281561254917,D+6.7,-0.024660300123547554,R+2.5
2008,OR,1037291,738475,0.16827442354454358,D+16.8,7,0.09285907797293813,D+9.3,0.07541534557160545,D+7.5
2012,OR,970488,754175,0.1254233435749477,D+12.5,7,0.08522547759049912,D+8.5,0.04019786598444858,D+4.0
2016,OR,1002106,782403,0.12311677890108708,D+12.3,7,0.09986549909436589,D+10.0,0.023251279806721186,D+2.3
2020,OR,1340383,958448,0.16614313970883463,D+16.6,7,0.12078339728626068,D+12.1,0.04535974242257394,D+4.5
2024,OR,1240600,919480,0.14866116069775193,D+14.9,8,0.16365785213195208,D+16.4,-0.014996691434200151,R+1.5
1976,PA,2328677,2205604,0.027142781843471984,D+2.7,27,0.004395798288613154,D+0.4,0.02274698355485883,D+2.3
1980,PA,1937540,2261872,-0.07723271734233268,R+7.7,27,0.025918458046113743,D+2.6,-0.10315117538844643,R+10.3
1984,PA,2228131,2584323,-0.07401462954243303,R+7.4,25,0.10845239429806093,D+10.8,-0.18246702384049396,R+18.2
1988,PA,2194944,2300087,-0.023390939906754813,R+2.3,25,0.05325816587059175,D+5.3,-0.07664910577734656,R+7.7
1992,PA,2239164,1791841,0.1109705892203061,D+11.1,23,0.038556672457232335,D+3.9,0.07241391676307377,D+7.2
1996,PA,2215819,1801169,0.10322410721665089,D+10.3,23,0.007143626699646813,D+0.7,0.09608048051700407,D+9.6
2000,PA,2485967,2281127,0.04296957433606302,D+4.3,23,0.03783611596658247,D+3.8,0.005133458369480549,D+0.5
2004,PA,2938095,2793847,0.025165641941247836,D+2.5,21,0.04982594206479539,D+5.0,-0.024660300123547554,R+2.5
2008,PA,3276363,2655885,0.104594076309689,D+10.5,21,0.029178730738083553,D+2.9,0.07541534557160545,D+7.5
2012,PA,2990274,2680434,0.05463868003783655,D+5.5,20,0.01444081405338797,D+1.4,0.04019786598444858,D+4.0
2016,PA,2926441,2970733,-0.007510716149803279,R+0.8,20,-0.030761995956524464,R+3.1,0.023251279806721186,D+2.3
2020,PA,3458229,3377674,0.011784105186981149,D+1.2,20,-0.033575637235592794,R+3.4,0.04535974242257394,D+4.5
2024,PA,3423042,3543308,-0.01726384692127154,R+1.7,19,-0.00226715548707139,R+0.2,-0.014996691434200151,R+1.5
1976,RI,227636,181249,0.11344754637612042,D+11.3,4,0.0907005628212616,D+9.1,0.02274698355485883,D+2.3
1980,RI,198342,154793,0.12332110949070468,D+12.3,4,0.2264722848791511,D+22.6,-0.10315117538844643,R+10.3
1984,RI,197106,212080,-0.036594604898505814,R+3.7,4,0.14587241894198816,D+14.6,-0.18246702384049396,R+18.2
1988,RI,225123,177761,0.1175574110662126,D+11.8,4,0.19420651684355916,D+19.4,-0.07664910577734656,R+7.7
1992,RI,213299,131601,0.23687445636416352,D+23.7,4,0.16446053960108975,D+16.4,0.07241391676307377,D+7.2
1996,RI,233050,104683,0.3800842677499682,D+38.0,4,0.2840037872329641,D+28.4,0.09608048051700407,D+9.6
2000,RI,249508,130555,0.3129823213519864,D+31.3,4,0.30784886298250586,D+30.8,0.005133458369480549,D+0.5
2004,RI,259760,169046,0.21155021151756273,D+21.2,4,0.2362105116411103,D+23.6,-0.024660300123547554,R+2.5
2008,RI,296571,165391,0.2839627501829155,D+28.4,4,0.20854740461131005,D+20.9,0.07541534557160545,D+7.5
2012,RI,279677,157204,0.28033491957764245,D+28.0,4,0.24013705359319387,D+24.0,0.04019786598444858,D+4.0
2016,RI,252525,180543,0.16621408185319628,D+16.6,4,0.1429628020464751,D+14.3,0.023251279806721186,D+2.3
2020,RI,307486,199922,0.2119871976791852,D+21.2,4,0.16662745525661127,D+16.7,0.04535974242257394,D+4.5
2024,RI,285156,214406,0.14162406267890673,D+14.2,4,0.15662075411310689,D+15.7,-0.014996691434200151,R+1.5
1976,SC,450807,346149,0.1313221808983181,D+13.1,8,0.10857519734345927,D+10.9,0.02274698355485883,D+2.3
1980,SC,428220,439277,-0.01274586540356912,R+1.3,8,0.09040530998487731,D+9.0,-0.10315117538844643,R+10.3
1984,SC,344459,615539,-0.2823755882824756,R+28.2,8,-0.09990856444198165,R+10.0,-0.18246702384049396,R+18.2
1988,SC,370554,606443,-0.24144291128836629,R+24.1,8,-0.16479380551101974,R+16.5,-0.07664910577734656,R+7.7
1992,SC,525514,577507,-0.04713690854480558,R+4.7,8,-0.11955082530787935,R+12.0,0.07241391676307377,D+7.2
1996,SC,506152,573339,-0.06223951843970908,R+6.2,8,-0.15831999895671317,R+15.8,0.09608048051700407,D+9.6
2000,SC,566037,786892,-0.16324212135300523,R+16.3,8,-0.16837557972248576,R+16.8,0.005133458369480549,D+0.5
2004,SC,661669,937974,-0.17272916519498413,R+17.3,8,-0.14806886507143657,R+14.8,-0.024660300123547554,R+2.5
2008,SC,862449,1034896,-0.09088858378418263,R+9.1,8,-0.16630392935578808,R+16.6,0.07541534557160545,D+7.5
2012,SC,865941,1071645,-0.10616509409130744,R+10.6,9,-0.146362960075756,R+14.6,0.04019786598444858,D+4.0
2016,SC,855373,1155389,-0.1492051272104804,R+14.9,9,-0.17245640701720158,R+17.2,0.023251279806721186,D+2.3
2020,SC,1091541,1385103,-0.11853217499164191,R+11.9,9,-0.16389191741421585,R+16.4,0.04535974242257394,D+4.5
2024,SC,1028452,1483747,-0.18123365227038143,R+18.1,9,-0.16623696083618128,R+16.6,-0.014996691434200151,R+1.5
1976,SD,147068,151505,-0.01486068733609536,R+1.5,4,-0.037607670890954195,R+3.8,0.02274698355485883,D+2.3
1980,SD,103855,198343,-0.3126691771619931,R+31.3,4,-0.20951800177354668,R+21.0,-0.10315117538844643,R+10.3
1984,SD,116113,200267,-0.26599026487135724,R+26.6,3,-0.08352324103086328,R+8.4,-0.18246702384049396,R+18.2
1988,SD,145560,165415,-0.06384757617171799,R+6.4,3,0.012801529605628567,D+1.3,-0.07664910577734656,R+7.7
1992,SD,124888,136718,-0.04522067536677293,R+4.5,3,-0.1176345921298467,R+11.8,0.07241391676307377,D+7.2
1996,SD,139333,150543,-0.03867170790268942,R+3.9,3,-0.1347521884196935,R+13.5,0.09608048051700407,D+9.6
2000,SD,118804,190700,-0.23229425144747726,R+23.2,3,-0.2374277098169578,R+23.7,0.005133458369480549,D+0.5
2004,SD,149244,232584,-0.21826581602187373,R+21.8,3,-0.19360551589832617,R+19.4,-0.024660300123547554,R+2.5
2008,SD,170924,203054,-0.08591414468230751,R+8.6,3,-0.16132949025391297,R+16.1,0.07541534557160545,D+7.5
2012,SD,145039,210610,-0.18436998276390487,R+18.4,3,-0.22456784874835345,R+22.5,0.04019786598444858,D+4.0
2016,SD,117458,227721,-0.319437161588625,R+31.9,3,-0.3426884413953462,R+34.3,0.023251279806721186,D+2.3
2020,SD,150471,261043,-0.26869559723362996,R+26.9,3,-0.3140553396562039,R+31.4,0.04535974242257394,D+4.5
2024,SD,146859,272081,-0.2989019907385306,R+29.9,3,-0.28390529930433045,R+28.4,-0.014996691434200151,R+1.5
1976,TN,825879,633969,0.13145889161063343,D+13.1,10,0.1087119080557746,D+10.9,0.02274698355485883,D+2.3
1980,TN,783051,787761,-0.0029984492097081,R+0.3,10,0.10015272617873833,D+10.0,-0.10315117538844643,R+10.3
1984,TN,711714,990212,-0.1636369618890598,R+16.4,11,0.018830061951434163,D+1.9,-0.18246702384049396,R+18.2
1988,TN,679794,947233,-0.16437281003941545,R+16.4,11,-0.0877237042620689,R+8.8,-0.07664910577734656,R+7.7
1992,TN,933521,841300,0.05196073294151917,D+5.2,11,-0.020453183821554595,R+2.0,0.07241391676307377,D+7.2
1996,TN,909146,863530,0.025732846837211085,D+2.6,11,-0.07034763367979299,R+7.0,0.09608048051700407,D+9.6
2000,TN,981720,1061949,-0.03925733570358018,R+3.9,11,-0.04439079407306073,R+4.4,0.005133458369480549,D+0.5
2004,TN,1036477,1384375,-0.14370890909481454,R+14.4,11,-0.11904860897126698,R+11.9,-0.024660300123547554,R+2.5
2008,TN,1087437,1479178,-0.15262943604708926,R+15.3,11,-0.2280447816186947,R+22.8,0.07541534557160545,D+7.5
2012,TN,960709,1462330,-0.20702143052588093,R+20.7,11,-0.2472192965103295,R+24.7,0.04019786598444858,D+4.0
2016,TN,870695,1522925,-0.27248686090523977,R+27.2,11,-0.295738140711961,R+29.6,0.023251279806721186,D+2.3
2020,TN,1143711,1852475,-0.23655540744132708,R+23.7,11,-0.28191514986390104,R+28.2,0.04535974242257394,D+4.5
2024,TN,1056265,1966865,-0.30121099654993333,R+30.1,11,-0.2862143051157332,R+28.6,-0.014996691434200151,R+1.5
1976,TX,2082319,1953300,0.03197006456754218,D+3.2,26,0.009223081012683348,D+0.9,0.02274698355485883,D+2.3
1980,TX,1881147,2510705,-0.14334681587630912,R+14.3,26,-0.0401956404878627,R+4.0,-0.10315117538844643,R+10.3
1984,TX,1949276,3433428,-0.2757261034602683,R+27.6,29,-0.09325907961977437,R+9.3,-0.18246702384049396,R+18.2
1988,TX,2352748,3036829,-0.12692665862274535,R+12.7,29,-0.050277552845398796,R+5.0,-0.07664910577734656,R+7.7
1992,TX,2281815,2496071,-0.044843263317709964,R+4.5,32,-0.11725718008078373,R+11.7,0.07241391676307377,D+7.2
1996,TX,2459683,2736167,-0.053212467642445416,R+5.3,32,-0.1492929481594495,R+14.9,0.09608048051700407,D+9.6
2000,TX,2433746,3799639,-0.2191254029712588,R+21.9,32,-0.22425886134073933,R+22.4,0.005133458369480549,D+0.5
2004,TX,2832704,4526917,-0.23020383794219837,R+23.0,34,-0.2055435378186508,R+20.6,-0.024660300123547554,R+2.5
2008,TX,3528633,4479328,-0.1187187350188144,R+11.9,34,-0.19413408059041987,R+19.4,0.07541534557160545,D+7.5
2012,TX,3308124,4569843,-0.16015794430212768,R+16.0,38,-0.20035581028657626,R+20.0,0.04019786598444858,D+4.0
2016,TX,3877868,4685047,-0.09426451155943975,R+9.4,38,-0.11751579136616094,R+11.8,0.023251279806721186,D+2.3
2020,TX,5259126,5890347,-0.05661442473559064,R+5.7,38,-0.10197416715816458,R+10.2,0.04535974242257394,D+4.5
2024,TX,4835250,6393597,-0.13878067801618457,R+13.9,40,-0.12378398658198442,R+12.4,-0.014996691434200151,R+1.5
1976,UT,182110,337908,-0.299601167651889,R+30.0,4,-0.3223481512067478,R+32.2,0.02274698355485883,D+2.3
1980,UT,124266,439687,-0.5593037008403182,R+55.9,4,-0.4561525254518718,R+45.6,-0.10315117538844643,R+10.3
1984,UT,155369,469105,-0.502400420193635,R+50.2,5,-0.319933396353141,R+32.0,-0.18246702384049396,R+18.2
1988,UT,207343,428442,-0.3477574966380144,R+34.8,5,-0.27110839086066785,R+27.1,-0.07664910577734656,R+7.7
1992,UT,183429,322632,-0.2750715822796066,R+27.5,5,-0.34748549904268033,R+34.7,0.07241391676307377,D+7.2
1996,UT,221633,361911,-0.24038975638512264,R+24.0,5,-0.33647023690212674,R+33.6,0.09608048051700407,D+9.6
2000,UT,203053,515096,-0.4345101086264828,R+43.5,5,-0.43964356699596335,R+44.0,0.005133458369480549,D+0.5
2004,UT,241199,663742,-0.4669287832024408,R+46.7,5,-0.44226848307889327,R+44.2,-0.024660300123547554,R+2.5
2008,UT,327670,596030,-0.29052722745480136,R+29.1,5,-0.3659425730264068,R+36.6,0.07541534557160545,D+7.5
2012,UT,251813,740600,-0.49252377790294966,R+49.3,6,-0.5327216438873983,R+53.3,0.04019786598444858,D+4.0
2016,UT,310674,515211,-0.24765796690822572,R+24.8,6,-0.2709092467149469,R+27.1,0.023251279806721186,D+2.3
2020,UT,560282,865140,-0.21387210243703267,R+21.4,6,-0.2592318448596066,R+25.9,0.04535974242257394,D+4.5
2024,UT,562566,883818,-0.222106992333986,R+22.2,6,-0.20711030089978585,R+20.7,-0.014996691434200151,R+1.5
1976,VA,813896,836554,-0.01372837710927323,R+1.4,12,-0.03647536066413206,R+3.6,0.02274698355485883,D+2.3
1980,VA,752174,989609,-0.13631721058248933,R+13.6,12,-0.0331660351940429,R+3.3,-0.10315117538844643,R+10.3
1984,VA,796250,1337078,-0.25351375878439697,R+25.4,12,-0.07104673494390301,R+7.1,-0.18246702384049396,R+18.2
1988,VA,859799,1309162,-0.20717892115164818,R+20.7,12,-0.13052981537430164,R+13.1,-0.07664910577734656,R+7.7
1992,VA,1038650,1150517,-0.051100258682868875,R+5.1,13,-0.12351417544594265,R+12.4,0.07241391676307377,D+7.2
1996,VA,1091060,1138350,-0.02121189014133784,R+2.1,13,-0.11729237065834192,R+11.7,0.09608048051700407,D+9.6
2000,VA,1217290,1437490,-0.08294472611666504,R+8.3,13,-0.08807818448614559,R+8.8,0.005133458369480549,D+0.5
2004,VA,1454742,1716959,-0.08267393427060117,R+8.3,13,-0.058013634147053614,R+5.8,-0.024660300123547554,R+2.5
2008,VA,1959532,1725005,0.06365168812255108,D+6.4,13,-0.011763657449054374,R+1.2,0.07541534557160545,D+7.5
2012,VA,1971820,1822522,0.03934753377528963,D+3.9,13,-0.0008503322091589494,R+0.1,0.04019786598444858,D+4.0
2016,VA,1981473,1769443,0.05652752554309401,D+5.7,13,0.03327624573637282,D+3.3,0.023251279806721186,D+2.3
2020,VA,2413568,1962430,0.10309373998799817,D+10.3,13,0.05773399756542423,D+5.8,0.04535974242257394,D+4.5
2024,VA,2335395,2075085,0.059020786853131633,D+5.9,13,0.07401747828733178,D+7.4,-0.014996691434200151,R+1.5
1976,VT,77798,100387,-0.12677273620113927,R+12.7,3,-0.1495197197559981,R+15.0,0.02274698355485883,D+2.3
1980,VT,81952,94628,-0.07178615924793295,R+7.2,3,0.03136501614051347,D+3.1,-0.10315117538844643,R+10.3
1984,VT,95730,135865,-0.17329821455558195,R+17.3,3,0.00916880928491201,D+0.9,-0.18246702384049396,R+18.2
1988,VT,115775,124331,-0.03563426153448893,R+3.6,3,0.041014844242857625,D+4.1,-0.07664910577734656,R+7.7
1992,VT,133592,88122,0.2050840271701381,D+20.5,3,0.13267011040706433,D+13.3,0.07241391676307377,D+7.2
1996,VT,137894,80352,0.26365660768124044,D+26.4,3,0.16757612716423637,D+16.8,0.09608048051700407,D+9.6
2000,VT,149022,119775,0.10880701793546803,D+10.9,3,0.10367355956598748,D+10.4,0.005133458369480549,D+0.5
2004,VT,184067,121180,0.20602004278502328,D+20.6,3,0.23068034290857084,D+23.1,-0.024660300123547554,R+2.5
2008,VT,219262,98974,0.377983634786762,D+37.8,3,0.30256828921515655,D+30.3,0.07541534557160545,D+7.5
2012,VT,199239,92698,0.3649451765278125,D+36.5,3,0.3247473105433639,D+32.5,0.04019786598444858,D+4.0
2016,VT,178573,95369,0.3037285264764074,D+30.4,3,0.2804772466696862,D+28.0,0.023251279806721186,D+2.3
2020,VT,242820,112704,0.36598373105613125,D+36.6,3,0.3206239886335573,D+32.1,0.04535974242257394,D+4.5
2024,VT,235791,119395,0.3277043577168019,D+32.8,3,0.342701049151002,D+34.3,-0.014996691434200151,R+1.5
1976,WA,717323,777732,-0.040405871355903296,R+4.0,9,-0.06315285491076213,R+6.3,0.02274698355485883,D+2.3
1980,WA,650193,865244,-0.141906921897776,R+14.2,9,-0.038755746509329586,R+3.9,-0.10315117538844643,R+10.3
1984,WA,798352,1051670,-0.13692702032732584,R+13.7,10,0.045540003513168115,D+4.6,-0.18246702384049396,R+18.2
1988,WA,933516,903835,0.01615423509171628,D+1.6,10,0.09280334086906283,D+9.3,-0.07664910577734656,R+7.7
1992,WA,993037,731234,0.15183402145022448,D+15.2,11,0.07942010468715072,D+7.9,0.07241391676307377,D+7.2
1996,WA,1123323,840712,0.1438930568956256,D+14.4,11,0.04781257637862152,D+4.8,0.09608048051700407,D+9.6
2000,WA,1247652,1108864,0.058895420188108207,D+5.9,11,0.053761961818627656,D+5.4,0.005133458369480549,D+0.5
2004,WA,1510201,1304894,0.07293075366905913,D+7.3,11,0.09759105379260669,D+9.8,-0.024660300123547554,R+2.5
2008,WA,1750848,1229216,0.17504053604217895,D+17.5,11,0.0996251904705735,D+10.0,0.07541534557160545,D+7.5
2012,WA,1755396,1290670,0.1525659654124369,D+15.3,12,0.11236809942798831,D+11.2,0.04019786598444858,D+4.0
2016,WA,1742718,1221747,0.17573862400129533,D+17.6,12,0.15248734419457416,D+15.2,0.023251279806721186,D+2.3
2020,WA,2369612,1584651,0.19851006369581387,D+19.9,12,0.1531503212732399,D+15.3,0.04535974242257394,D+4.5
2024,WA,2245849,1530923,0.1892955147941152,D+18.9,12,0.20429220622831534,D+20.4,-0.014996691434200151,R+1.5
1976,WI,1040232,1004987,0.017232873349993325,D+1.7,11,-0.005514110204865506,R+0.6,0.02274698355485883,D+2.3
1980,WI,981584,1088845,-0.051806171571205775,R+5.2,11,0.05134500381724065,D+5.1,-0.10315117538844643,R+10.3
1984,WI,995740,1198584,-0.09244031419243466,R+9.2,11,0.0900267096480593,D+9.0,-0.18246702384049396,R+18.2
1988,WI,1126794,1047499,0.03646932589122073,D+3.6,11,0.11311843166856729,D+11.3,-0.07664910577734656,R+7.7
1992,WI,1041066,930855,0.055890170042309,D+5.6,11,-0.016523746720764766,R+1.7,0.07241391676307377,D+7.2
1996,WI,1071971,845029,0.11838393322900365,D+11.8,11,0.022303452711999572,D+2.2,0.09608048051700407,D+9.6
2000,WI,1242987,1237279,0.002301366063156129,D+0.2,11,-0.00283209230632442,R+0.3,0.005133458369480549,D+0.5
2004,WI,1489504,1478120,0.003836065485384941,D+0.4,10,0.028496365608932494,D+2.8,-0.024660300123547554,R+2.5
2008,WI,1677211,1262393,0.14111356495636826,D+14.1,10,0.06569821938476281,D+6.6,0.07541534557160545,D+7.5
2012,WI,1620985,1410966,0.06926859965744829,D+6.9,10,0.029070733672999713,D+2.9,0.04019786598444858,D+4.0
2016,WI,1382536,1405284,-0.0081597807605943,R+0.8,10,-0.031411060567315484,R+3.1,0.023251279806721186,D+2.3
2020,WI,1630866,1610184,0.006381265330679872,D+0.6,10,-0.03897847709189407,R+3.9,0.04535974242257394,D+4.5
2024,WI,1668229,1697626,-0.008733887823450505,R+0.9,10,0.006262803610749646,D+0.6,-0.014996691434200151,R+1.5
1976,WV,435864,314726,0.16139037290664676,D+16.1,6,0.13864338935178794,D+13.9,0.02274698355485883,D+2.3
1980,WV,367462,334206,0.047395634402594956,D+4.7,6,0.15054680979104137,D+15.1,-0.10315117538844643,R+10.3
1984,WV,328125,405483,-0.10544868649196847,R+10.5,6,0.07701833734852549,D+7.7,-0.18246702384049396,R+18.2
1988,WV,341016,310065,0.04753786395241145,D+4.8,6,0.12418696972975801,D+12.4,-0.07664910577734656,R+7.7
1992,WV,331001,241974,0.15537676163881495,D+15.5,5,0.08296284487574118,D+8.3,0.07241391676307377,D+7.2
1996,WV,327812,233946,0.16709330352215723,D+16.7,5,0.07101282300515316,D+7.1,0.09608048051700407,D+9.6
2000,WV,295497,336475,-0.0648414803187483,R+6.5,5,-0.06997493868822885,R+7.0,0.005133458369480549,D+0.5
2004,WV,326541,423778,-0.12959421259490964,R+13.0,5,-0.10493391247136208,R+10.5,-0.024660300123547554,R+2.5
2008,WV,303857,397466,-0.13347487534274508,R+13.3,5,-0.20889022091435053,R+20.9,0.07541534557160545,D+7.5
2012,WV,238269,417655,-0.27348595264085473,R+27.3,5,-0.3136838186253033,R+31.4,0.04019786598444858,D+4.0
2016,WV,188794,489371,-0.4432210450259155,R+44.3,5,-0.46647232483263673,R+46.6,0.023251279806721186,D+2.3
2020,WV,235984,545382,-0.3959706462784406,R+39.6,5,-0.44133038870101454,R+44.1,0.04535974242257394,D+4.5
2024,WV,214309,533556,-0.42687784560047604,R+42.7,4,-0.4118811541662759,R+41.2,-0.014996691434200151,R+1.5
1976,WY,62239,92717,-0.1966880921035649,R+19.7,3,-0.2194350756584237,R+21.9,0.02274698355485883,D+2.3
1980,WY,49427,110700,-0.3826525195625972,R+38.3,3,-0.2795013441741508,R+28.0,-0.10315117538844643,R+10.3
1984,WY,53370,133241,-0.42800799524143807,R+42.8,3,-0.2455409714009441,R+24.6,-0.18246702384049396,R+18.2
1988,WY,67113,106867,-0.22849752845154617,R+22.8,3,-0.15184842267419962,R+15.2,-0.07664910577734656,R+7.7
1992,WY,68160,79347,-0.07584046858793142,R+7.6,3,-0.14825438535100519,R+14.8,0.07241391676307377,D+7.2
1996,WY,77934,105388,-0.1497583486979195,R+15.0,3,-0.2458388292149236,R+24.6,0.09608048051700407,D+9.6
2000,WY,60481,147947,-0.4196461128063408,R+42.0,3,-0.4247795711758213,R+42.5,0.005133458369480549,D+0.5
2004,WY,70776,167629,-0.40625406346343407,R+40.6,3,-0.38159376333988654,R+38.2,-0.024660300123547554,R+2.5
2008,WY,82868,164958,-0.3312404671019183,R+33.1,3,-0.40665581267352374,R+40.7,0.07541534557160545,D+7.5
2012,WY,69286,170962,-0.4232126802304286,R+42.3,3,-0.46341054621487715,R+46.3,0.04019786598444858,D+4.0
2016,WY,55973,174419,-0.5141063925830758,R+51.4,3,-0.5373576723897969,R+53.7,0.023251279806721186,D+2.3
2020,WY,73491,193559,-0.4496086875117019,R+45.0,3,-0.49496842993427587,R+49.5,0.04535974242257394,D+4.5
2024,WY,69527,192633,-0.46958346048214833,R+47.0,3,-0.4545867690479482,R+45.5,-0.014996691434200151,R+1.5
