year,abbr,relative_margin
2024,AK,-0.1219345594132992
2028,AK,-0.14157461860565004
2032,AK,-0.17004288658001662
2036,AK,-0.25710909881980054
2040,AK,-0.18075142118579865
2044,AK,-0.20711320698585922
2048,AK,-0.26584908403464363
2052,AK,-0.21121650817794987
2056,AK,-0.23865830658414655
2060,AK,-0.25665579616968465
2064,AK,-0.2439418247174054
2068,AK,-0.2364367543599415
2072,AK,-0.22702515636819698
2076,AK,-0.19276124908155895
2080,AK,-0.14758927924078505
2084,AK,-0.13166372311828353
2088,AK,-0.18624384947594477
2092,AK,-0.2468002514956481
2096,AK,-0.21460455890663807
2100,AK,-0.16268357208590822
2024,AL,-0.2938155471596788
2028,AL,-0.13729033775545219
2032,AL,-0.0836846572788856
2036,AL,-0.027555894272427255
2040,AL,-0.04570087522880466
2044,AL,-0.06367486584282582
2048,AL,-0.12216554937432761
2052,AL,-0.14077317468237677
2056,AL,-0.17222000555876163
2060,AL,-0.14608088557181978
2064,AL,-0.16873106037326294
2068,AL,-0.17800237635771188
2072,AL,-0.2348460623430454
2076,AL,-0.21179928608221316
2080,AL,-0.25130292852830227
2084,AL,-0.22741752618903596
2088,AL,-0.2412804477748887
2092,AL,-0.3279453035072575
2096,AL,-0.2800163774737408
2100,AL,-0.30940549768221126
2024,AR,-0.2984031732887673
2028,AR,-0.1164010078370332
2032,AR,-0.0017858153945432107
2036,AR,0.03662374784915398
2040,AR,-0.005434114441660443
2044,AR,-0.038706148352277966
2048,AR,-0.10766492464080649
2052,AR,-0.09728980442415311
2056,AR,-0.11324969598968297
2060,AR,-0.15583266983601593
2064,AR,-0.15500735814755404
2068,AR,-0.24063920920908086
2072,AR,-0.22597013290781087
2076,AR,-0.1942037439479293
2080,AR,-0.2161910127026982
2084,AR,-0.20129104171787954
2088,AR,-0.21458578655698185
2092,AR,-0.254451401950422
2096,AR,-0.2797767867308495
2100,AR,-0.3074717552563131
2024,AZ,-0.0408864877831335
2028,AZ,-0.03938902959759326
2032,AZ,-0.12867901967970777
2036,AZ,-0.16141848634869055
2040,AZ,-0.1399627867567528
2044,AZ,-0.1851689090589839
2048,AZ,-0.21420692426544327
2052,AZ,-0.18741091466772838
2056,AZ,-0.11815916751487583
2060,AZ,-0.10062929571480653
2064,AZ,-0.09960174606931319
2068,AZ,-0.11584847661309654
2072,AZ,-0.13489307477832718
2076,AZ,-0.09001675610906056
2080,AZ,-0.04572777531988138
2084,AZ,-0.018540102338856564
2088,AZ,-0.015069287800486652
2092,AZ,-0.024490206950099177
2096,AZ,-0.030677046009525998
2100,AZ,-0.02084433753642328
2024,CA,0.2229995428701669
2028,CA,0.13170241461992335
2032,CA,0.02211331672007212
2036,CA,-0.0024374107553089422
2040,CA,0.004126136829998404
2044,CA,0.08550995312210218
2048,CA,0.028718854485793265
2052,CA,0.10258544554289921
2056,CA,0.08960648178101042
2060,CA,0.17349293782003083
2064,CA,0.1419475590335029
2068,CA,0.15411622015567839
2072,CA,0.06899496428476048
2076,CA,0.056611038826538757
2080,CA,0.12890299357394921
2084,CA,0.18074004134938604
2088,CA,0.17123360730604453
2092,CA,0.18474204941148228
2096,CA,0.1582247251248448
2100,CA,0.2502568945785051
2024,CO,0.1279275260555293
2028,CO,0.03104629664036675
2032,CO,-0.029777783255925193
2036,CO,-0.059704847132744376
2040,CO,-0.03139667741747627
2044,CO,-0.07459974618279366
2048,CO,-0.13683515974459715
2052,CO,-0.10197668080471636
2056,CO,-0.08303679478912965
2060,CO,-0.03772170665682691
2064,CO,-0.09547983098358859
2068,CO,-0.07748398647139704
2072,CO,0.004659058697554271
2076,CO,-0.006136683858309191
2080,CO,0.034067134353245584
2084,CO,0.1117568009472263
2088,CO,0.1363164201810039
2092,CO,0.07615130284457823
2096,CO,0.06606561896126383
2100,CO,0.08916022508198501
2024,CT,0.1625613411593835
2028,CT,0.049351526712517954
2032,CT,0.030241680772618944
2036,CT,-0.008457688822323312
2040,CT,0.03147864130705044
2044,CT,0.01658212416386354
2048,CT,0.023326097728945297
2052,CT,0.07071373447626879
2056,CT,0.07822776430495518
2060,CT,0.09964556591405319
2064,CT,0.09636580226483651
2068,CT,0.08088527583305459
2072,CT,0.10311744943154358
2076,CT,0.12986791546850926
2080,CT,0.13807297409111713
2084,CT,0.11141784689495629
2088,CT,0.12239988034064889
2092,CT,0.16516103232856225
2096,CT,0.144307958232169
2100,CT,0.16670759657048248
2024,DC,0.8812916026347609
2028,DC,0.8197439480329363
2032,DC,0.799949383580485
2036,DC,0.820405723261788
2040,DC,0.7797539308104484
2044,DC,0.7729035942566893
2048,DC,0.7795235925567608
2052,DC,0.7930628682120155
2056,DC,0.7906048385200166
2060,DC,0.8419135660113224
2064,DC,0.8275409835056464
2068,DC,0.8667597716302479
2072,DC,0.8343137653781832
2076,DC,0.8812338545210229
2080,DC,0.8683468922506027
2084,DC,0.822320944943518
2088,DC,0.7675756061726476
2092,DC,0.8596556864235043
2096,DC,0.8669999759871735
2100,DC,0.8480564035031938
2024,DE,0.1645814042641635
2028,DE,0.08914671566170627
2032,DE,0.09163789913827465
2036,DE,0.08532365978567763
2040,DE,0.14726777617651945
2044,DE,0.10943483132970919
2048,DE,0.06335450120789293
2052,DE,0.08354054886591752
2056,DE,0.1446308523272129
2060,DE,0.034711228579037946
2064,DE,0.040979377357623935
2068,DE,0.21230642788013998
2072,DE,0.17606551959701983
2076,DE,-0.00904906134208937
2080,DE,0.03944648091475129
2084,DE,0.04520693638393306
2088,DE,0.031185139124354975
2092,DE,0.08291253149672469
2096,DE,0.15184542674123672
2100,DE,0.27054147475474627
2024,FL,-0.1172246972356457
2028,FL,-0.035828097163124024
2032,FL,-0.03744909429778667
2036,FL,-0.03149139229130322
2040,FL,-0.041632336365925914
2044,FL,-0.0058127534873652865
2048,FL,-0.04837439542239165
2052,FL,-0.08195072502346147
2056,FL,-0.05555162183941054
2060,FL,-0.08097885250126366
2064,FL,-0.06616865372601215
2068,FL,-0.05850717953872471
2072,FL,-0.16982575298057787
2076,FL,-0.11577273929243852
2080,FL,-0.10291701002154093
2084,FL,-0.04221193018124378
2088,FL,-0.02722155157160374
2092,FL,-0.06642532493158596
2096,FL,-0.01968786468614654
2100,FL,-0.027727355839751805
2024,GA,-0.0070906315937626
2028,GA,0.03149396399658842
2032,GA,0.04028072272276498
2036,GA,0.035458114763976666
2040,GA,0.046553482678851336
2044,GA,0.004236890497536231
2048,GA,-0.006107572203435929
2052,GA,-0.007877021468553425
2056,GA,-0.020451663435925607
2060,GA,-0.06917978490714267
2064,GA,-0.05959349590375192
2068,GA,-0.027999142424863562
2072,GA,-0.07232578730812117
2076,GA,-0.06473142734746402
2080,GA,-0.08628640925267386
2084,GA,-0.04102308091272039
2088,GA,-0.08748505185876303
2092,GA,-0.11090186387585367
2096,GA,-0.02064710313942549
2100,GA,0.012265197118292
2024,HI,0.2506032080464301
2028,HI,0.22772630708371674
2032,HI,0.1740513465075074
2036,HI,0.1527417853742581
2040,HI,0.1017170718978647
2044,HI,0.21672258652037138
2048,HI,0.24494332290496265
2052,HI,0.1632765089749874
2056,HI,0.14905936382171886
2060,HI,0.17959934283909587
2064,HI,0.22651100345685535
2068,HI,0.4445650640954346
2072,HI,0.37643911843657496
2076,HI,0.17008289728413203
2080,HI,0.15420326614859522
2084,HI,0.15881729408344736
2088,HI,0.20847438588532116
2092,HI,0.2940239226035614
2096,HI,0.47101684256293347
2100,HI,0.37412320581535063
2024,IA,-0.1194592856617622
2028,IA,-0.024867692485704515
2032,IA,0.006556829141578931
2036,IA,0.027920556655356307
2040,IA,0.072550936803291
2044,IA,-0.004136307064346021
2048,IA,0.014436961075205321
2052,IA,0.00207649595131796
2056,IA,0.04481070548707271
2060,IA,0.026075116217354984
2064,IA,0.01180190080087138
2068,IA,-0.01916449006572392
2072,IA,-0.0311214329489603
2076,IA,-0.035204142312187936
2080,IA,-0.01806420013364725
2084,IA,0.0022172732978256496
2088,IA,0.03730649855136607
2092,IA,-0.02901252550158546
2096,IA,-0.015818310328960847
2100,IA,-0.034452537276631195
2024,ID,-0.3602217203683306
2028,ID,-0.34118923559822095
2032,ID,-0.4187584280107511
2036,ID,-0.3389952683400529
2040,ID,-0.3452394403337026
2044,ID,-0.3333406692492535
2048,ID,-0.4231888850908278
2052,ID,-0.33634961344670133
2056,ID,-0.31115320453947387
2060,ID,-0.3097834590378597
2064,ID,-0.30656347036622417
2068,ID,-0.3251243118623033
2072,ID,-0.21888761504256385
2076,ID,-0.223331456315798
2080,ID,-0.3086235448404349
2084,ID,-0.21747154665177018
2088,ID,-0.466807310134749
2092,ID,-0.44034543128383485
2096,ID,-0.4803536714680568
2100,ID,-0.4544613638480275
2024,IL,0.1263519995996344
2028,IL,0.09005150358907854
2032,IL,0.06413574591731139
2036,IL,0.023138227148474317
2040,IL,0.00744302893064929
2044,IL,0.028636024404542933
2048,IL,0.023193088242855785
2052,IL,0.009615808617263166
2056,IL,0.09137765832187197
2060,IL,0.11600762600980606
2064,IL,0.10227028866307844
2068,IL,0.1046225880247628
2072,IL,0.10739077625983308
2076,IL,0.12807150998483766
2080,IL,0.1389046837422934
2084,IL,0.13763262961143122
2088,IL,0.08978233778576357
2092,IL,0.06971068274268462
2096,IL,0.0991862871181886
2100,IL,0.1373104280295885
2024,IN,-0.1780524252287101
2028,IN,-0.17089705961996376
2032,IN,-0.15314208041712293
2036,IN,-0.1333200406810335
2040,IN,-0.11180891373527761
2044,IN,-0.16061975729618758
2048,IN,-0.1658757527392084
2052,IN,-0.15986019743575328
2056,IN,-0.18097852699520975
2060,IN,-0.18681423459051122
2064,IN,-0.14947090161614163
2068,IN,-0.18523984860881934
2072,IN,-0.18368086127309252
2076,IN,-0.18669616197872174
2080,IN,-0.15684830120069437
2084,IN,-0.1247190343631328
2088,IN,-0.05567834068369689
2092,IN,-0.11260703535263385
2096,IN,-0.15571125711132933
2100,IN,-0.21770562490736534
2024,KS,-0.149118047511303
2028,KS,-0.10377538464719993
2032,KS,-0.13469833666135902
2036,KS,-0.2313979766392863
2040,KS,-0.03702681400058038
2044,KS,-0.16104996573607833
2048,KS,-0.19971137727724161
2052,KS,-0.2634477727137419
2056,KS,-0.1861511050807245
2060,KS,-0.1677321139302215
2064,KS,-0.1762444923123467
2068,KS,-0.16067146461862927
2072,KS,-0.1676045875495335
2076,KS,-0.14408380047471114
2080,KS,-0.14597793269697534
2084,KS,-0.12045310257199235
2088,KS,-0.15297809426148182
2092,KS,-0.16982887979675998
2096,KS,-0.19223052958810327
2100,KS,-0.2517350874486974
2024,KY,-0.2952847288878416
2028,KY,-0.11624833626071426
2032,KY,-0.02137397398398372
2036,KY,-0.015097878805428571
2040,KY,0.029379281605055877
2044,KY,-0.0310452134369347
2048,KY,-0.05777547351464978
2052,KY,-0.07908956195434338
2056,KY,-0.09551999959864084
2060,KY,-0.1441943441275748
2064,KY,-0.15590769510774719
2068,KY,-0.17130117466894562
2072,KY,-0.15799285720734288
2076,KY,-0.19970542462024715
2080,KY,-0.22330258258260713
2084,KY,-0.23376958292042707
2088,KY,-0.2840768174056068
2092,KY,-0.30005268993202333
2096,KY,-0.3523956718922008
2100,KY,-0.2952997794495225
2024,LA,-0.2085735167541185
2028,LA,-0.06664847382075635
2032,LA,-0.04500019609737547
2036,LA,-0.0335308191383341
2040,LA,0.0031893137181084183
2044,LA,0.030879705455440096
2048,LA,-0.023846591861165577
2052,LA,-0.10445005185401288
2056,LA,-0.1322343655055534
2060,LA,-0.1334451022008354
2064,LA,-0.1179067219698332
2068,LA,-0.12520223672446595
2072,LA,-0.13490114230347242
2076,LA,-0.12013482968387196
2080,LA,-0.1479807566598972
2084,LA,-0.18433325304925194
2088,LA,-0.14943120718270952
2092,LA,-0.25099349275376254
2096,LA,-0.21501632759560257
2100,LA,-0.2345054128321394
2024,MA,0.2741030798425853
2028,MA,0.21371448307540727
2032,MA,0.15455024596934375
2036,MA,0.1345912445571003
2040,MA,0.18254685912767588
2044,MA,0.18248012079723658
2048,MA,0.131781557684148
2052,MA,0.20926528849136036
2056,MA,0.20437174009835404
2060,MA,0.2267213335153836
2064,MA,0.2232210916045836
2068,MA,0.21286189549842569
2072,MA,0.2801360421242666
2076,MA,0.26153306071022625
2080,MA,0.3385376522285404
2084,MA,0.26006464175214067
2088,MA,0.27115615248274827
2092,MA,0.2599606217504048
2096,MA,0.25976415491075333
2100,MA,0.30994863668081135
2024,MD,0.3100918319778186
2028,MD,0.2645638309961353
2032,MD,0.16269328211660913
2036,MD,0.08230055054986345
2040,MD,0.13008272888045527
2044,MD,0.16728132276182697
2048,MD,0.12578422466680336
2052,MD,0.1063071902842738
2056,MD,0.13244294406396095
2060,MD,0.2349792965489016
2064,MD,0.20979584935575327
2068,MD,0.18062701517405483
2072,MD,0.21789363620123783
2076,MD,0.22717887608558593
2080,MD,0.23473487422327824
2084,MD,0.26358860460472655
2088,MD,0.23815805911751442
2092,MD,0.26756006675819527
2096,MD,0.2545347722783406
2100,MD,0.2969576415684028
2024,ME,0.0858828078336893
2028,ME,0.14467628017950815
2032,ME,0.060489217184057364
2036,ME,0.050136592791912606
2040,ME,0.04273791083766473
2044,ME,0.08674304454460167
2048,ME,0.05231920735978674
2052,ME,0.19337263586778786
2056,ME,-0.0923171204779547
2060,ME,0.0014556481089930198
2064,ME,0.06922797858223279
2068,ME,0.16641496586374244
2072,ME,0.19672767814210276
2076,ME,0.12810731886568558
2080,ME,0.15489728814138343
2084,ME,-0.12145908991640193
2088,ME,-0.023219578163487527
2092,ME,-0.1371189004018829
2096,ME,-0.10205447381749089
2100,ME,0.013890011291280709
2024,MI,0.0005719548558608
2028,MI,0.026679100202404358
2032,MI,0.025558332462461284
2036,MI,-0.001759893945115671
2040,MI,0.010620466932510422
2044,MI,-0.003948706908962933
2048,MI,-0.033583122360120295
2052,MI,-0.007746527487844013
2056,MI,-0.0016838332349542742
2060,MI,-0.03660749449111503
2064,MI,0.021026789098690185
2068,MI,-0.02333103817120692
2072,MI,-0.03947193193523829
2076,MI,-0.017322495410520437
2080,MI,0.039749942330155
2084,MI,0.0573695172381605
2088,MI,0.04421705638558936
2092,MI,0.07431342533259565
2096,MI,0.046034355102128915
2100,MI,0.05455923762866894
2024,MN,0.0584307349560897
2028,MN,0.07898355436446995
2032,MN,0.10697314096576276
2036,MN,0.16519244363625565
2040,MN,0.17466795241596553
2044,MN,0.1482683723572857
2048,MN,0.14434137708443168
2052,MN,0.106770975047978
2056,MN,0.11879607957350974
2060,MN,0.10254444393173515
2064,MN,0.13597510101696014
2068,MN,0.08102302901959954
2072,MN,0.07386686431621237
2076,MN,0.10212137449508175
2080,MN,0.09830847868707161
2084,MN,0.03550836621853746
2088,MN,-0.01674945952578945
2092,MN,-0.030265766730263672
2096,MN,-0.03301308364787249
2100,MN,-0.026027700602056437
2024,MO,-0.1717505148274316
2028,MO,-0.058050419053405695
2032,MO,0.004828484639759227
2036,MO,0.016304916193893605
2040,MO,0.03358694231811075
2044,MO,-0.07306460433305441
2048,MO,-0.10392810104622446
2052,MO,-0.06792842733727622
2056,MO,-0.07351097372881886
2060,MO,-0.12218564676476804
2064,MO,-0.09676691559855985
2068,MO,-0.10112289488119718
2072,MO,-0.11392878515954995
2076,MO,-0.13240195966339266
2080,MO,-0.14613764508562208
2084,MO,-0.13169246599582046
2088,MO,-0.12415147721483376
2092,MO,-0.15607707507792365
2096,MO,-0.13456784900976718
2100,MO,-0.06757218253805274
2024,MS,-0.2164535906776367
2028,MS,-0.19193237268600824
2032,MS,-0.1107621587005018
2036,MS,-0.09739362174127145
2040,MS,-0.08095015823971378
2044,MS,-0.14321914167638822
2048,MS,-0.07567230658338123
2052,MS,-0.08505164063149866
2056,MS,-0.11178794861240067
2060,MS,-0.08403930623270327
2064,MS,-0.11378796357962154
2068,MS,-0.13515337069743366
2072,MS,-0.16093145049653246
2076,MS,-0.22136982643389164
2080,MS,-0.20016107126454302
2084,MS,-0.15227141950547504
2088,MS,-0.18743591889983546
2092,MS,-0.18980007343074834
2096,MS,-0.20424837145004027
2100,MS,-0.18540188531146462
2024,MT,-0.1907842789674368
2028,MT,-0.19248373639572183
2032,MT,-0.15061053303557245
2036,MT,-0.1102898933033945
2040,MT,-0.18416253316208053
2044,MT,-0.10207710623336937
2048,MT,-0.20856081051808803
2052,MT,-0.060817962582730666
2056,MT,-0.10908959245843312
2060,MT,-0.09791730144071967
2064,MT,-0.07236694090040409
2068,MT,-0.10264111372325062
2072,MT,-0.12492590704713492
2076,MT,-0.1687294648595283
2080,MT,-0.2594952584824201
2084,MT,-0.22177019331505363
2088,MT,-0.17463666235566863
2092,MT,-0.2274600273126434
2096,MT,-0.179065944022161
2100,MT,-0.14929706298664275
2024,NC,-0.0176101105918079
2028,NC,-0.005609403520449452
2032,NC,0.0021540028621223795
2036,NC,-0.05255839585907956
2040,NC,-0.022621620832896632
2044,NC,-0.029536529281920694
2048,NC,-0.02546890194673599
2052,NC,-0.05929757109425945
2056,NC,-0.06902763279501996
2060,NC,-0.08297999360426005
2064,NC,-0.08184278115749086
2068,NC,-0.07483213537275064
2072,NC,-0.04309516503559676
2076,NC,-0.04295759088374578
2080,NC,-0.04490532090627079
2084,NC,-0.01219281321600827
2088,NC,-0.00716853168141749
2092,NC,-0.06471247517793087
2096,NC,-0.07590018240086953
2100,NC,-0.07059614765663129
2024,ND,-0.3589331698936636
2028,ND,-0.20146724121311554
2032,ND,-0.2436412783944254
2036,ND,-0.051813442669996254
2040,ND,-0.13937582958450903
2044,ND,-0.22576741501923342
2048,ND,-0.12310819352151486
2052,ND,-0.1737474488310166
2056,ND,-0.0948154736510361
2060,ND,-0.2727543059213988
2064,ND,-0.19300284650079205
2068,ND,-0.3349638462418798
2072,ND,-0.10496555796759428
2076,ND,-0.13695842821186735
2080,ND,-0.06788889004200768
2084,ND,-0.13522434915956077
2088,ND,-0.4190780511510921
2092,ND,-0.387773818860789
2096,ND,-0.38091205583085697
2100,ND,-0.4294314750298094
2024,NE,-0.1934101416047778
2028,NE,-0.12167840501840595
2032,NE,-0.30433910970506217
2036,NE,-0.2836053610686067
2040,NE,-0.182973389372346
2044,NE,-0.23438375460800523
2048,NE,-0.13998811877880124
2052,NE,-0.2774493207167685
2056,NE,-0.243408664985621
2060,NE,-0.29030734378217427
2064,NE,-0.2742193250986978
2068,NE,-0.29045088579436623
2072,NE,-0.3052604359781367
2076,NE,-0.06195629628872898
2080,NE,-0.15446438934684217
2084,NE,-0.11864370070527726
2088,NE,-0.16644637469518073
2092,NE,-0.22865606608382388
2096,NE,-0.24321807023464984
2100,NE,-0.16752988949307637
2024,NH,0.0432088409014677
2028,NH,-0.061383997875322165
2032,NH,-0.14382776632415778
2036,NH,-0.11785803785569529
2040,NH,-0.13812283993807772
2044,NH,-0.11910921872759393
2048,NH,-0.0930619809588396
2052,NH,-0.07211267456571224
2056,NH,-0.1188625891402225
2060,NH,0.011523872471925205
2064,NH,-0.051076153349057456
2068,NH,0.0009392958077769368
2072,NH,0.018015761970701434
2076,NH,0.0009651277322166481
2080,NH,0.0005064363042293469
2084,NH,-0.1352137007300607
2088,NH,-0.09038595305511621
2092,NH,-0.024573147041937523
2096,NH,0.021625436302735484
2100,NH,0.06696854698064074
2024,NJ,0.0752741657665353
2028,NJ,0.02574072097823692
2032,NJ,0.021844961821934707
2036,NJ,-0.029646106521160315
2040,NJ,-0.039147207002892766
2044,NJ,0.0066950437181609295
2048,NJ,0.01629470915379759
2052,NJ,0.011332023691374595
2056,NJ,0.1132135477115379
2060,NJ,0.08800649124224767
2064,NJ,0.043478846017385726
2068,NJ,0.07062836040013008
2072,NJ,0.09576656858976557
2076,NJ,0.09690798521651463
2080,NJ,0.04886869337037989
2084,NJ,0.08462859013709945
2088,NJ,0.10759268085333192
2092,NJ,0.12428148809849263
2096,NJ,0.1282117374443511
2100,NJ,0.12509743473506962
2024,NM,0.0764148137206732
2028,NM,0.02668922844661832
2032,NM,-0.0019043277063740414
2036,NM,-0.011376522569430801
2040,NM,0.014232836123953992
2044,NM,-0.008850712443122044
2048,NM,-0.009755343582771565
2052,NM,-0.01740534271979479
2056,NM,0.00974427436967001
2060,NM,0.0221326596898509
2064,NM,0.03882983314943627
2068,NM,0.042235878522909304
2072,NM,0.02569192806218461
2076,NM,0.022531850739696095
2080,NM,0.07256012704185717
2084,NM,0.11315289547358508
2088,NM,0.09543541576405486
2092,NM,0.0855364880594203
2096,NM,0.0792422455335179
2100,NM,0.09374344830070071
2024,NV,-0.01659348765097
2028,NV,-0.09993687591567679
2032,NV,-0.1483650894039801
2036,NV,-0.13365124217179117
2040,NV,-0.14245451439832973
2044,NV,-0.14139158011820457
2048,NV,-0.09981632624292885
2052,NV,-0.10199411688790616
2056,NV,-0.10750306368874529
2060,NV,-0.07655773411201741
2064,NV,-0.12777685033744093
2068,NV,-0.06929040126496788
2072,NV,-0.10204436794183773
2076,NV,-0.05416934546387772
2080,NV,-0.07486385698907519
2084,NV,-0.027472593067745233
2088,NV,0.012144483229459118
2092,NV,-0.009698514834644739
2096,NV,0.08075771995192825
2100,NV,0.10159605699208815
2024,NY,0.1418915526055895
2028,NY,0.11124628747917091
2032,NY,0.13283714926047993
2036,NY,0.19501356650785198
2040,NY,0.15292457918000124
2044,NY,0.1464628427191509
2048,NY,0.10863231746373028
2052,NY,0.14276367343232543
2056,NY,0.18427845802887674
2060,NY,0.19916433349443352
2064,NY,0.18740997203172477
2068,NY,0.22249296599333543
2072,NY,0.15670802753745547
2076,NY,0.3359500542219575
2080,NY,0.22046405392025728
2084,NY,0.22834777715983146
2088,NY,0.2147203079632013
2092,NY,0.20229499160961212
2096,NY,0.16418461175126264
2100,NY,0.236882940671589
2024,OH,-0.0981356028385405
2028,OH,-0.04551105434164905
2032,OH,-0.04612302467851151
2036,OH,-0.0267459636303303
2040,OH,-0.004778401497148156
2044,OH,-0.03105093586309839
2048,OH,-0.0363750487774934
2052,OH,-0.05014672770071938
2056,OH,-0.07245479105058643
2060,OH,-0.07888818991262231
2064,OH,-0.0679395833592319
2068,OH,-0.09125070296627727
2072,OH,-0.07109545466811393
2076,OH,-0.05535685042633404
2080,OH,-0.06667960551262163
2084,OH,-0.005332611107424782
2088,OH,-0.029935981543982096
2092,OH,-0.0820053351408235
2096,OH,-0.0508775111493396
2100,OH,-0.04385643899716155
2024,OK,-0.334404146689216
2028,OK,-0.24336646432353073
2032,OK,-0.17034984691927962
2036,OK,-0.1600482158261176
2040,OK,-0.10199328409149243
2044,OK,-0.14455295124545114
2048,OK,-0.17945921701523498
2052,OK,-0.18968730762373268
2056,OK,-0.00541345146608097
2060,OK,-0.056119358862623966
2064,OK,-0.19626600504609223
2068,OK,-0.2486522523539417
2072,OK,-0.28668034432141837
2076,OK,-0.2936904296823031
2080,OK,-0.37818280565346457
2084,OK,-0.34471555172089163
2088,OK,-0.3293256090123196
2092,OK,-0.38986465097913375
2096,OK,-0.44385906443490314
2100,OK,-0.38833323522030466
2024,OR,0.163657852131952
2028,OR,0.10593774045775961
2032,OR,0.06670260758796309
2036,OR,0.02680535340571707
2040,OR,0.0065720804005914395
2044,OR,0.05144433901179845
2048,OR,0.06621772092933406
2052,OR,0.08828388449580375
2056,OR,0.07585449129952801
2060,OR,0.06483454198245851
2064,OR,0.06062592550442398
2068,OR,0.07854822206596294
2072,OR,0.17638526601852397
2076,OR,0.13465156097028896
2080,OR,0.11167584433863373
2084,OR,0.1353631265401132
2088,OR,0.11745671518683244
2092,OR,0.08463019090345604
2096,OR,0.06941730050445612
2100,OR,0.10638224995850926
2024,PA,-0.0022671554870713
2028,PA,0.029363718154068963
2032,PA,0.034217716084167245
2036,PA,0.03306084516540614
2040,PA,0.042996193106694246
2044,PA,0.024452086099922516
2048,PA,0.020259127844348364
2052,PA,0.009184151904762407
2056,PA,0.020896291385642075
2060,PA,0.023548979166138878
2064,PA,0.035740850768612324
2068,PA,0.02130041250903648
2072,PA,0.005771916362530481
2076,PA,0.04362854021558063
2080,PA,0.030381659326860905
2084,PA,0.05802550186532135
2088,PA,0.04491144765002796
2092,PA,-0.023844648762732252
2096,PA,0.013575482432808164
2100,PA,0.05116711500468308
2024,RI,0.1566207541131068
2028,RI,0.21228475065442287
2032,RI,0.19387017161162381
2036,RI,0.19015512446905974
2040,RI,0.2149766221057488
2044,RI,0.17978181539315718
2048,RI,0.16609119224880625
2052,RI,0.1936381724371823
2056,RI,0.13819501900531272
2060,RI,0.18954977675535226
2064,RI,0.0963375461007078
2068,RI,0.18876281429899566
2072,RI,0.29119809303155525
2076,RI,0.2530278752051828
2080,RI,0.21197784286973664
2084,RI,0.19677288057133163
2088,RI,0.201076962032219
2092,RI,0.21690336705474922
2096,RI,0.16304921199893668
2100,RI,0.20933851055874927
2024,SC,-0.1662369608361812
2028,SC,-0.092610775189525
2032,SC,-0.06517145266045618
2036,SC,-0.05970990948815135
2040,SC,-0.004123746539815779
2044,SC,-0.05870169760073618
2048,SC,-0.07288955074297383
2052,SC,-0.06996227253074862
2056,SC,-0.0667669808308178
2060,SC,-0.08516555122490929
2064,SC,-0.0868009454061657
2068,SC,-0.10720905714447182
2072,SC,-0.1387678255286815
2076,SC,-0.16499160126951057
2080,SC,-0.1964248019490944
2084,SC,-0.09642261765753839
2088,SC,-0.07504728673210356
2092,SC,-0.15966253639174588
2096,SC,-0.17949201791013641
2100,SC,-0.1800956675685802
2024,SD,-0.2839052993043304
2028,SD,-0.19863038473985314
2032,SD,-0.16111195172721487
2036,SD,-0.3103230926955664
2040,SD,-0.19707283490112296
2044,SD,-0.1371838184142835
2048,SD,-0.18312704369462154
2052,SD,-0.2669535499253492
2056,SD,-0.38486985830064135
2060,SD,-0.16152852926726616
2064,SD,-0.10383709023797383
2068,SD,-0.10783098090659161
2072,SD,-0.12287542373217238
2076,SD,-0.19306672308956657
2080,SD,-0.3006827506048427
2084,SD,-0.254135627268439
2088,SD,-0.25896367615598953
2092,SD,-0.15666609410448012
2096,SD,-0.22614841288199167
2100,SD,-0.5626113705333545
2024,TN,-0.2862143051157332
2028,TN,-0.06631158841876506
2032,TN,-0.07456675029518588
2036,TN,0.010596573928301933
2040,TN,-0.025843222395004424
2044,TN,-0.004070815895547825
2048,TN,-0.07866581414039281
2052,TN,-0.1413783257930192
2056,TN,-0.14588482054717816
2060,TN,-0.17388979022107703
2064,TN,-0.16276214892290358
2068,TN,-0.11317260153421095
2072,TN,-0.21818907387081588
2076,TN,-0.2770672425525357
2080,TN,-0.25304331293457527
2084,TN,-0.16873200626659074
2088,TN,-0.20115844441924766
2092,TN,-0.2917244673098457
2096,TN,-0.31725636851772426
2100,TN,-0.15426562868838972
2024,TX,-0.1237839865819844
2028,TX,-0.07504774872809432
2032,TX,-0.11602693826318297
2036,TX,-0.06264307955862644
2040,TX,-0.1558909294733132
2044,TX,-0.1931139538501087
2048,TX,-0.17151685345983805
2052,TX,-0.2140514861494512
2056,TX,-0.21913016238719107
2060,TX,-0.18871132298456797
2064,TX,-0.20016249928769592
2068,TX,-0.17682146953328431
2072,TX,-0.1726927268957982
2076,TX,-0.18778275048993123
2080,TX,-0.22995658981084124
2084,TX,-0.17751163083999075
2088,TX,-0.2623071317677216
2092,TX,-0.2996618279083074
2096,TX,-0.23788621390992615
2100,TX,-0.22370454545207671
2024,UT,-0.2071103008997858
2028,UT,-0.2973476911286155
2032,UT,-0.1921623275020892
2036,UT,-0.34918070852640054
2040,UT,-0.38556910009578144
2044,UT,-0.499597079823661
2048,UT,-0.448156386397636
2052,UT,-0.3983881737363847
2056,UT,-0.33643769046312544
2060,UT,-0.3578521326561414
2064,UT,-0.3396812392096304
2068,UT,-0.24620808283769408
2072,UT,-0.2541669123051362
2076,UT,-0.4790435913039739
2080,UT,-0.37583589366890807
2084,UT,-0.2612528794679955
2088,UT,-0.2334046554010035
2092,UT,-0.26566952081460316
2096,UT,-0.22212432773327564
2100,UT,-0.3725431122276888
2024,VA,0.0740174782873317
2028,VA,0.04118557982948108
2032,VA,0.053189672201573696
2036,VA,0.034195603175181985
2040,VA,0.005936707994267629
2044,VA,-0.01431733742786384
2048,VA,-0.04170838288949998
2052,VA,-0.05911280058432819
2056,VA,-0.07403449394633985
2060,VA,-0.06547181641625578
2064,VA,-0.08064740500560023
2068,VA,-0.05885155433587022
2072,VA,-0.019950942516651738
2076,VA,-0.013495843524450565
2080,VA,-0.01981551938503583
2084,VA,0.03668096809402722
2088,VA,0.04961253174171558
2092,VA,0.05137661872982961
2096,VA,0.08340174469561457
2100,VA,0.08953604742762974
2024,VT,0.342701049151002
2028,VT,0.18578677755435036
2032,VT,0.11956568253443944
2036,VT,0.024801563644907106
2040,VT,0.05252733709740959
2044,VT,0.02219812885183127
2048,VT,0.036944693769658726
2052,VT,0.10905529001513134
2056,VT,0.17047983707155046
2060,VT,0.13089079457424968
2064,VT,0.15334477872835475
2068,VT,0.2252269510926851
2072,VT,0.2665955245653551
2076,VT,0.27669419136503975
2080,VT,0.2589227812818403
2084,VT,0.2356996778432569
2088,VT,0.2516674875895208
2092,VT,0.27998097002928646
2096,VT,0.29192852393141244
2100,VT,0.32668910052060257
2024,WA,0.2042922062283153
2028,WA,0.08201724196674774
2032,WA,0.038708484168988894
2036,WA,0.03280198208115606
2040,WA,0.0021004117514985534
2044,WA,0.03721680574993241
2048,WA,0.023577854886703192
2052,WA,0.056655519142185466
2056,WA,0.06343192439649403
2060,WA,0.0523381162476065
2064,WA,0.12586912775009546
2068,WA,0.11298213465276148
2072,WA,0.06666290316118284
2076,WA,0.09383174765094333
2080,WA,0.1064065958569055
2084,WA,0.10312020022690961
2088,WA,0.07410239060447836
2092,WA,0.10150078027592957
2096,WA,0.1204449157107692
2100,WA,0.15646920417303944
2024,WI,0.0062628036107496
2028,WI,0.010989933701053969
2032,WI,0.1061645075710278
2036,WI,0.06081833418986401
2040,WI,0.06607762191083694
2044,WI,0.024603189417610714
2048,WI,0.009775393992298648
2052,WI,-0.007138500344624852
2056,WI,-0.06602385099928365
2060,WI,-0.03907382782211571
2064,WI,0.12078192785592227
2068,WI,0.0714037686598162
2072,WI,0.024197302340042862
2076,WI,0.014939786156933515
2080,WI,0.010708220633882957
2084,WI,0.03837601329588135
2088,WI,0.07438414976165265
2092,WI,-0.0147685135480952
2096,WI,-0.022747065965976577
2100,WI,0.007025353760428516
2024,WV,-0.4118811541662759
2028,WV,-0.2739982350041289
2032,WV,-0.06165740690690612
2036,WV,0.024621772821416768
2040,WV,0.07245384594487596
2044,WV,-0.0020219691551688576
2048,WV,-0.021595291290770896
2052,WV,0.0031244215017093226
2056,WV,-0.18226942815907965
2060,WV,-0.16809584871062253
2064,WV,-0.13222732603494664
2068,WV,-0.15049918961046527
2072,WV,-0.2657638672095874
2076,WV,-0.1772913988925705
2080,WV,-0.4048055895266843
2084,WV,-0.3822868355826121
2088,WV,-0.36441635049137366
2092,WV,-0.39901420837354024
2096,WV,-0.4275353189279256
2100,WV,-0.43570469713559024
2024,WY,-0.4545867690479482
2028,WY,-0.29015334685801925
2032,WY,-0.23397718621800884
2036,WY,-0.21260090418190405
2040,WY,-0.21258014227348002
2044,WY,-0.19030542141321574
2048,WY,-0.2318329796027708
2052,WY,-0.25953485056951764
2056,WY,-0.3786658532245303
2060,WY,-0.36840152945032206
2064,WY,-0.3802392617767127
2068,WY,-0.432850226281218
2072,WY,-0.4795719887579385
2076,WY,-0.41874438741257874
2080,WY,-0.4739919386296159
2084,WY,-0.5188331345253597
2088,WY,-0.4621128043813986
2092,WY,-0.49857451781586587
2096,WY,-0.5335662619976497
2100,WY,-0.44389515117610623
