rank,E_EV,E_VAR,E_SHOCK,E_RESID,E_TOTAL,evd,shock_frac,n_avail
0,0.13888840343354888,0.347184553441732,0.0,1.293647942863234,1.7797208997385148,-1.895151770636705e-05,0.08778280542986425,56.0
24,0.016800161349484928,0.44919720319580214,0.0,1.734056665193657,2.2000540297389444,0.0008532359104325288,0.07239819004524888,56.0
9,0.10851762128824272,0.5190439664552501,0.0,1.5875408504749848,2.2151024382184774,5.61608499389354e-05,0.09049773755656108,56.0
2,0.00334613952784413,0.7943694172239293,0.0,1.5596274625997515,2.357343019351525,0.0005277258454701741,0.12398190045248868,56.0
3,0.1852609667855521,0.5697445575395799,0.0,1.6776845747636095,2.4326900990887417,-0.00011921575535076955,0.12669683257918551,56.0
34,0.24383079743634734,0.37554784465248897,0.0,1.8439295306279664,2.4633081727168027,0.001485597075513466,0.07239819004524888,56.0
37,0.01799917484606336,0.5817315085970635,0.0,1.8902819467706231,2.4900126302137497,0.0008611288895722141,0.07239819004524888,56.0
42,0.13962741178933583,0.5772490523104911,0.0,1.7913221344608616,2.5081985985606883,-2.0670861353543155e-05,0.06968325791855204,56.0
43,0.2863438953328396,0.45221658367482914,0.0,1.7924086307276967,2.5309691097353655,0.0015573436300677,0.06968325791855204,56.0
15,0.02585118394293968,0.5387292314028952,0.0,1.9818298387086108,2.5464102540544458,0.0003489843977266124,0.11855203619909503,56.0
11,0.0002852119776723058,0.7150372735951943,0.0,1.8314964319893277,2.5468189175621943,0.0006574949710430214,0.12398190045248868,56.0
1,0.029923399177316224,0.7928500358760816,0.0,1.7374220727803988,2.5601955078337966,0.0009285412966593506,0.1936651583710407,56.0
14,0.24429256374462882,0.5324681591616092,0.0,1.8039876717707235,2.5807483946769616,0.0014864085883282193,0.12398190045248868,56.0
84,0.2539277120812,0.4241343256588421,0.0,1.9561177566239754,2.6341797943640177,0.001503169818895242,0.05429864253393665,56.0
5,0.24385991354956946,0.789841234189919,0.0,1.6406319425895424,2.6743330903290308,0.0014856482671537752,0.14479638009049775,56.0
17,0.4621125394152086,0.4241240458148195,0.0,1.791576880267741,2.6778134654977688,-0.0005522233162273196,0.12669683257918551,56.0
255,0.05034612965607559,0.4327641735163452,0.0,2.2398988096579786,2.7230091128303995,0.0010177852907573125,0.0,56.0
28,0.019056652453067816,0.5516974670942979,0.0,2.1589445556924485,2.7296986752398142,0.0008678745586837826,0.10588235294117647,56.0
4,0.00886241423743293,0.9308515330879614,0.0,1.8075956608311332,2.7473096081565274,0.0004647035014525593,0.16289592760180996,56.0
7,0.017444261596865168,1.0897106681151036,0.0,1.7077400980176465,2.814895027729615,0.0003988303869775873,0.26334841628959277,56.0
6,0.0008243046950756794,1.1976127226774713,0.0,1.644793814569926,2.843230841942473,0.0005783164273755262,0.17828054298642534,56.0
13,0.016467191937731905,1.1351452819391874,0.0,1.7035281150001909,2.85514058887711,0.0008509944114809907,0.2660633484162896,56.0
8,0.3557168105479597,1.0342184592048398,0.0,1.4722124405755332,2.862147710328333,-0.0004074610361675165,0.18099547511312217,56.0
12,0.184232141148117,0.9005601856949867,0.0,1.7886029478313272,2.873395274674431,0.0013734777168236678,0.1755656108597285,56.0
212,0.1876678587496681,0.5316989722039315,0.0,2.155938140655508,2.8753049716091077,0.0013803951805712645,0.01809954751131222,56.0
166,0.010358868327847614,0.3139918552017362,0.0,2.5751872943951573,2.899538017924741,0.0008048995530440849,0.0334841628959276,56.0
126,0.2413336701859946,0.49518757380094225,0.0,2.166876948728367,2.9033981927153034,-0.00022485511121474048,0.05158371040723982,56.0
29,2.4496548334370365e-05,1.38351213444233,0.0,1.5272188895949426,2.910755520585607,0.000636764253357131,0.31221719457013575,56.0
10,0.009472860947008336,0.9820299909631226,0.0,1.9290487302604828,2.9205515821706136,0.0007971726872196098,0.22986425339366515,56.0
25,0.032350930621770635,0.49474856144426066,0.0,2.4034168120525248,2.930516304118556,0.0003158525880436313,0.1420814479638009,56.0
63,0.10952673378604125,0.47645757390214516,0.0,2.3872040043456226,2.973188312033809,5.350742863574707e-05,0.09049773755656108,56.0
16,0.0029863676003317272,1.0796713574345314,0.0,1.903713904466822,2.986371629501685,0.0005332791661799485,0.2425339366515837,56.0
21,0.09003558895007974,0.884990726360442,0.0,2.032464454824885,3.0074907701354068,0.0011491967692596767,0.1755656108597285,56.0
68,0.4142364174483805,0.5303435998312371,0.0,2.0687948852602265,3.0133749025398444,-0.0004894058347117035,0.09049773755656108,56.0
100,0.33452434796354247,0.5309196439585194,0.0,2.1516605913422584,3.01710458326432,-0.00037613755084023835,0.07239819004524888,56.0
32,0.09453059576460801,0.7688381555869984,0.0,2.1592550409946023,3.0226237923462085,0.001162044439517312,0.12669683257918551,56.0
18,0.09692485213347828,0.9872824421708042,0.0,1.957607451026612,3.0418147453308944,8.757700431924519e-05,0.232579185520362,56.0
253,0.9988026174907021,0.2667711227888223,0.0,1.783396666131777,3.0489704064113017,0.0023635425977694986,0.01809954751131222,56.0
188,5.888354385121971e-06,0.3590361039328777,0.0,2.691676205757676,3.050718198044939,0.0006239564892651227,0.03619909502262444,56.0
143,0.1959218760705294,0.4281225397740247,0.0,2.4292578400337073,3.053302255878261,-0.0001404192741360638,0.05429864253393665,56.0
19,0.4797967635137136,0.9128567003078576,0.0,1.6642608890524775,3.0569143528740486,0.0018309371629646473,0.1936651583710407,56.0
20,0.16140728792532888,1.026005579615171,0.0,1.8852233836473338,3.072636251187834,0.001325782880200987,0.232579185520362,56.0
52,0.17732182599429677,0.6051782999695743,0.0,2.2930598323614784,3.0755599583253495,-0.00010302624072513512,0.1085972850678733,56.0
22,0.1608610233746543,0.8926277716299234,0.0,2.0397747055196236,3.093263500524201,0.00132460138418811,0.1936651583710407,56.0
86,0.3103051907969148,0.3346395937414684,0.0,2.4589698228239745,3.103914607362358,0.00159543936002148,0.09049773755656108,56.0
54,0.003681215467057973,0.7642992551069553,0.0,2.3378672329497703,3.1058477035237835,0.000522816668213865,0.1085972850678733,56.0
88,0.06563582000461057,0.5975916315018028,0.0,2.4578397119127127,3.1210671634191263,0.00018331007035084137,0.09049773755656108,56.0
23,0.0035329583480131687,0.7218728662541127,0.0,2.3973886091621974,3.1227944337643234,0.000524959968758757,0.22986425339366515,56.0
36,0.5468446533107866,0.7513132922689545,0.0,1.8448751707277256,3.1430331163074667,-0.0006558886235817399,0.13936651583710408,56.0
203,0.4184511898915145,0.4216785567542595,0.0,2.325614691307774,3.165744437953548,0.0017514171123034937,0.03619909502262444,56.0
26,0.051591121032078524,0.875612640451887,0.0,2.2472386729750644,3.17444243445903,0.001022573199574388,0.232579185520362,56.0
79,0.4405019149517661,0.5086651304321863,0.0,2.2256388994315954,3.1748059448155477,0.0017806325112247386,0.1004524886877828,56.0
31,0.05251440462011465,1.230494300558556,0.0,1.9170002088463791,3.20000891402505,0.0010260867030128717,0.27601809954751133,56.0
27,0.2767679893254975,0.87437224550811,0.0,2.0500552876369835,3.201195522470591,-0.0002853347048068758,0.19638009049773755,56.0
51,0.6129362251991712,0.4999509608500936,0.0,2.095839146396383,3.2087263324456474,0.00198761157680547,0.12398190045248868,56.0
293,0.43028099959166133,0.334400783395348,0.0,2.445470931217429,3.2101527142044386,0.001767183814205912,0.01809954751131222,56.0
50,0.056931629945690364,0.5792217496741587,0.0,2.588769853618218,3.224923233238067,0.0002138559739306321,0.12669683257918551,56.0
35,0.1411029690398614,0.7776552245457674,0.0,2.3181560232861362,3.236914216871765,0.001280430379533971,0.15746606334841629,56.0
62,0.5905964282013273,1.465072979789942,0.0,1.199305376209721,3.25497478420099,0.0019626077272128315,0.31493212669683257,56.0
145,0.01193327927357755,0.3762741065896686,0.0,2.8871202970594254,3.2753276829226716,0.0004384851435977532,0.06968325791855204,56.0
181,0.618735113910466,0.346925322631276,0.0,2.3225533444949,3.288213781036642,0.001994027164526329,0.05429864253393665,56.0
87,0.08176520225373571,0.6961827652004295,0.0,2.523289066950585,3.3012370344047506,0.001124690509193632,0.1085972850678733,56.0
39,0.5729592076383079,0.9926460484316832,0.0,1.7501861909628873,3.315791447032878,-0.0006861911651812446,0.16289592760180996,56.0
61,0.2976443027010798,0.8418233156811025,0.0,2.1781443924211303,3.3176120108033125,0.0015755008888004175,0.12669683257918551,56.0
30,0.04519613355781252,0.8794618591402543,0.0,2.4065883436829405,3.331246336381007,0.0002590194994407385,0.21447963800904976,56.0
33,0.20302002255333723,0.8868486433955287,0.0,2.256819035897328,3.346687701846194,0.001410558309253,0.24796380090497736,56.0
45,0.029542767038267706,0.9013452359406501,0.0,2.4435747642310726,3.3744627672099905,0.000926624788831933,0.1601809954751131,56.0
49,0.0046769578349126675,1.2548149552535022,0.0,2.115927728101979,3.3754196411903936,0.0007469203277488015,0.281447963800905,56.0
205,1.0692857847594373,0.31676258342480207,0.0,2.0201843508383273,3.4062327190225665,-0.0011673893665419956,0.05158371040723982,56.0
102,0.039938223864051554,0.47681629053666236,0.0,2.8934616024961564,3.41021611689687,0.0002811558458832705,0.10588235294117647,56.0
98,0.31965002503968476,0.6662947489038638,0.0,2.424461862989096,3.4104066369326445,-0.0003535558628885429,0.1085972850678733,56.0
117,0.2893234522456615,1.2419957672935926,0.0,1.883683910704505,3.4150031302437593,0.0015621653860633134,0.3384615384615384,56.0
40,0.2839287030337844,0.988788722826571,0.0,2.1511308539939678,3.4238482798543233,0.0015534167347449562,0.1936651583710407,56.0
38,0.045107998871763144,0.8801762731949908,0.0,2.5023824039322085,3.4276666759989625,0.0009969605056237667,0.23529411764705882,56.0
329,0.19704157209343665,0.36680278314253306,0.0,2.867600675213887,3.431445030449857,0.0013989525056774072,0.015384615384615384,56.0
72,0.006345047529532891,1.3071873578303075,0.0,2.1240323580864016,3.437564763446242,0.0007664853884080582,0.29954751131221713,56.0
73,0.0009566022994019913,1.409494949489892,0.0,2.027124810182882,3.4375763619721758,0.0005744645766168465,0.29954751131221713,56.0
113,0.6598289063549628,1.0709186569097853,0.0,1.7228448506976008,3.4535924139623493,0.00203865532359279,0.3330316742081448,56.0
135,0.09679655822159146,0.5360351475193121,0.0,2.8322943322475886,3.465126037988492,8.793489892128335e-05,0.09049773755656108,56.0
41,0.04808128101905444,1.013814101138457,0.0,2.405219967783218,3.4671153499407295,0.0002474191890846993,0.20904977375565612,56.0
137,0.6982260596341892,0.48601479743675124,0.0,2.2839686546632114,3.468209511734152,0.0020791149297642334,0.08778280542986425,56.0
138,0.728079924868247,0.5750917814099655,0.0,2.1668386892178217,3.4700103954960344,0.002109809099519485,0.08778280542986425,56.0
44,4.10329011486967e-06,1.1506424911124236,0.0,2.322062962746151,3.4727095571486895,0.0006246526781608615,0.24524886877828056,56.0
74,0.31018987385187935,0.8521726013194846,0.0,2.315013432011796,3.47737590718316,-0.0003389195013498592,0.13936651583710408,56.0
60,0.43385635551556867,0.9423677285138762,0.0,2.112501599868512,3.488725683897957,0.0017719062570400773,0.281447963800905,56.0
178,0.38991260031585273,0.5495771990116418,0.0,2.55150362331368,3.4909934226411745,0.001712437756129401,0.06968325791855204,56.0
53,0.004899395397704053,1.0935007987056276,0.0,2.392793325162283,3.4911935192656145,0.0005066286848947011,0.2687782805429864,56.0
46,0.02688489777440359,1.034755757522078,0.0,2.4416735655243684,3.50331422082085,0.00034345719814096905,0.2398190045248869,56.0
140,1.0850944970757812,0.45044087459179527,0.0,1.9781862672331711,3.5137216389007477,0.002436953882624503,0.09049773755656108,56.0
47,0.027415984439407085,1.1641970436571234,0.0,2.3303823200632467,3.521995348159777,0.0009156812827946408,0.19638009049773755,56.0
48,0.17274994845370314,0.8829197532051984,0.0,2.4707443581253736,3.5264140597842752,0.001349878603273168,0.24253393665158368,56.0
96,0.16123533869138,0.5625860184567654,0.0,2.8061655551064115,3.529986912254557,-6.907108169451094e-05,0.12398190045248868,56.0
56,0.6134240360698404,0.6861641178498487,0.0,2.2332851461684076,3.5328733000880965,-0.0007318123195784361,0.16289592760180996,56.0
123,0.05347147701988888,0.6019518261143688,0.0,2.8793627511637783,3.534786054298036,0.00022664377515930166,0.10316742081447965,56.0
128,0.021579135142149073,0.4883130831488085,0.0,3.0404264906618925,3.55031870895285,0.0008832462349964516,0.1004524886877828,56.0
122,0.3417018464137965,0.6506211124248041,0.0,2.590656497456408,3.582979456295009,-0.00038685449866763047,0.1085972850678733,56.0
243,0.14360691411102008,0.4040809159335498,0.0,3.036815500331661,3.5845033303762306,-2.985216656860995e-05,0.05429864253393665,56.0
353,0.04531446446206418,0.3990009458994374,0.0,3.1680344519556005,3.612349862317102,0.0009978035446623675,0.01809954751131222,56.0
64,0.05219298715094992,0.8121614994394688,0.0,2.7698121037040964,3.634166590294515,0.001024867097986163,0.18099547511312217,56.0
94,0.8942912408709923,0.6744893393709632,0.0,2.0653941127819255,3.634174693023881,-0.0010139026188520847,0.1420814479638009,56.0
55,0.07665157210372449,0.8530460742653423,0.0,2.7085334268873233,3.63823107325639,0.0011089135534909315,0.19909502262443438,56.0
111,0.00847861818052788,0.45702897222671546,0.0,3.1732356863909366,3.6387432767981798,0.00046828221978289196,0.12126696832579185,56.0
193,1.7123684724159292,0.5099510495097382,0.0,1.4188606050887649,3.641180127014432,0.0029003959105225983,0.07239819004524888,56.0
58,0.7211497865867691,0.9683099882965505,0.0,1.9588723469230065,3.648332121806326,0.0021027408411671707,0.1936651583710407,56.0
66,0.17059730290222808,1.3158125628325368,0.0,2.169952294992762,3.656362160727527,0.0013453678844071648,0.18099547511312217,56.0
65,0.001198982227527242,0.877565561011352,0.0,2.783397803804144,3.662162347043023,0.0005680444786164626,0.18823529411764706,56.0
321,0.8253199147301088,0.424579965117094,0.0,2.4150208915527007,3.6649207713999035,0.002205650732005754,0.0334841628959276,56.0
59,0.8013879964116415,0.9486534567622587,0.0,1.9156814900371768,3.665722943211077,0.002182611268547697,0.22986425339366515,56.0
57,0.17210843082902105,0.9752326957549576,0.0,2.5203174430795765,3.6676585696635553,0.0013485373021858101,0.21176470588235294,56.0
118,0.22202234588592554,0.5936218891314624,0.0,2.8526347055529606,3.6682789405703486,-0.00019001440910198424,0.12126696832579185,56.0
317,0.3159403045559187,0.23401782271803484,0.0,3.126225831135182,3.676183958409135,0.001604182605334827,0.03619909502262444,56.0
144,0.24249240871965494,0.6534676822917412,0.0,2.7878843858239857,3.683844476835382,-0.00022690051479544058,0.10588235294117647,56.0
367,1.3783311342509244,0.3235679723922204,0.0,1.982026792723352,3.6839258993664967,-0.0014104189079483303,0.01809954751131222,56.0
75,0.45110146513661126,0.7016006380753732,0.0,2.5361029248459617,3.688805028057946,0.0017944156187055917,0.1755656108597285,56.0
271,0.6471648453454691,0.73187770344099,0.0,2.3189292141266917,3.6979717629131508,0.002025054061071513,0.05429864253393665,56.0
91,0.11823034560535498,0.8456708737493166,0.0,2.7356220364821837,3.6995232558368554,0.0012252292151779315,0.15746606334841629,56.0
370,1.0343488582267835,0.39580079443844385,0.0,2.2769507912544835,3.707100443919711,0.0023941525951997242,0.01809954751131222,56.0
67,0.044568948437112246,1.0460610995956499,0.0,2.626308018595337,3.7169380666280993,0.000994750319530913,0.21447963800904976,56.0
130,0.10933192370472873,1.5683205708399572,0.0,2.0401864621451407,3.7178389566898264,5.4018718864456104e-05,0.31764705882352945,56.0
71,0.3775403995775325,0.9212231238855559,0.0,2.4195682371920304,3.718331760655119,-0.0004387566875319812,0.23529411764705882,56.0
70,0.01879644144468015,1.0739056924343955,0.0,2.628815864945906,3.7215179988249814,0.0003901077127475266,0.232579185520362,56.0
69,0.11759036057004367,0.8675079553221019,0.0,2.7450914315188166,3.730189747410962,0.0012236110712835152,0.21176470588235294,56.0
89,0.08485729688131784,1.077111613678726,0.0,2.574650866179012,3.7366197767390563,0.00012234832622037058,0.2660633484162896,56.0
76,0.7435408334896362,0.7005223911220533,0.0,2.2931829504489025,3.737246175060592,-0.000869117784353599,0.1909502262443439,56.0
95,4.730178149040742e-05,0.8517908192511869,0.0,2.893943270562905,3.7457813915955827,0.0006162276552166652,0.15746606334841629,56.0
80,0.011290800117090834,1.2206592083429937,0.0,2.516325652351643,3.7482756608117276,0.0004436620371526868,0.24524886877828056,56.0
384,0.1812224299722292,0.5308562593175673,0.0,3.0433647585194925,3.755443447809289,-0.00011102467145079464,0.01809954751131222,56.0
192,0.2241078628509389,1.2264962092042913,0.0,2.305579414969535,3.7561834870247655,0.0014501882547686756,0.351131221719457,56.0
85,0.007770453629250508,1.1403285232757172,0.0,2.6093473754898193,3.757446352394787,0.0004751049936427029,0.18099547511312217,56.0
107,0.00010606939017667826,0.7425710954113997,0.0,3.018043770356989,3.7607209351585653,0.0006102867451075033,0.1420814479638009,56.0
77,0.11037767848059953,0.8511959172132528,0.0,2.7993035249829465,3.760877120676799,5.1279388223008857e-05,0.19909502262443438,56.0
92,0.1630258345036926,0.7455209036003371,0.0,2.8642062694527795,3.772753007556809,0.0013292718872570603,0.1728506787330317,56.0
78,1.1401126802608759,0.8452814737682595,0.0,1.7901707592668747,3.77556491329601,-0.0012259027053179881,0.20904977375565612,56.0
81,0.2556979808280485,1.2141315713344443,0.0,2.3096981338615183,3.7795276860240112,-0.00024987446045082935,0.22986425339366515,56.0
292,1.1649878087156622,0.46581462351800645,0.0,2.1565314463962313,3.7873338786299,0.0025023598815102324,0.05429864253393665,56.0
82,0.5992033871915011,1.1411809426512372,0.0,2.0501904135250695,3.7905747433678076,0.0019722961596214256,0.21447963800904976,56.0
142,0.050914799013388065,1.2845374907651177,0.0,2.4657330578369554,3.801185347615461,0.0010199795021915675,0.31493212669683257,56.0
159,1.0473605508920516,0.6860413839839133,0.0,2.0704269430361455,3.8038288779121103,-0.001148885444167646,0.1085972850678733,56.0
83,0.57890575733347,0.852172492008463,0.0,2.373407932281258,3.804486181623191,-0.0006929942142394592,0.2244343891402715,56.0
104,0.5080412654659828,0.5938356314586996,0.0,2.7041391373590136,3.806016034283696,-0.0006094928652772679,0.15475113122171946,56.0
134,0.6785178363296487,0.520803495671922,0.0,2.6143936377171846,3.813714969718755,0.0020584910718591714,0.12669683257918551,56.0
90,0.07973785875895215,1.1714692283131645,0.0,2.564601143725649,3.8158082307977654,0.0001378437764026218,0.24524886877828056,56.0
194,1.1856859566644042,0.42240902482701514,0.0,2.2216319921537764,3.8297269736451955,0.002518935792408019,0.08778280542986425,56.0
297,0.3865397656885864,0.4761200394084928,0.0,2.968299844519765,3.830959649616844,0.0017077379867080616,0.05429864253393665,56.0
153,0.49917478662416226,1.4880267606075146,0.0,1.8588917356071635,3.84609328283884,0.001854985419450502,0.31764705882352945,56.0
93,1.1379974214218738,0.7312758017181955,0.0,1.9786643551912273,3.8479375783312966,0.002480522081486977,0.1936651583710407,56.0
313,0.20187469465453267,0.3478010796173522,0.0,3.3059544220741626,3.8556301963460475,0.0014083482846590702,0.048868778280542986,56.0
141,0.022229984806921028,0.7402083615572039,0.0,3.1028573281409595,3.8652956745050844,0.00036927576786291265,0.12669683257918551,56.0
99,0.4032285873135888,0.8371673116286796,0.0,2.6308641295427257,3.8712600284849943,-0.00047445674092722913,0.17828054298642534,56.0
206,0.560905612013681,0.3990423052294124,0.0,2.9214887982918816,3.881436715534975,0.0019286323905332253,0.08778280542986425,56.0
184,0.10036528736393092,1.4373501281219565,0.0,2.354425214639498,3.8921406301253856,7.806624712239276e-05,0.3330316742081448,56.0
176,2.9159505076132617e-05,0.6065008613182213,0.0,3.2892662324002644,3.895796253223562,0.0006187935082549532,0.10588235294117647,56.0
110,0.2538376567892149,0.6366645924038601,0.0,3.0089245867587344,3.899426835951809,-0.0002466745345097508,0.16289592760180996,56.0
120,0.018259906105817347,1.064910936321254,0.0,2.8196537963185886,3.9028246387456598,0.0003935299987095405,0.2841628959276018,56.0
272,1.2886161626756523,0.5311368064736585,0.0,2.0920394202187276,3.9117923893680384,-0.00134295724334478,0.06968325791855204,56.0
358,0.9694345062592555,0.38435777540887783,0.0,2.560128332819104,3.913920614487237,-0.0010814992810674042,0.0334841628959276,56.0
97,0.09785481184261215,1.0467430698283569,0.0,2.7839393234802152,3.9285372051511844,8.498979568387528e-05,0.2171945701357466,56.0
103,0.3002530103879933,1.18115817273425,0.0,2.455204284137255,3.9366154672594984,0.0015796432793117312,0.24524886877828053,56.0
131,0.504040625891682,0.8537218944555707,0.0,2.579516901293821,3.9372794216410734,-0.000604610161970599,0.14479638009049775,56.0
165,0.12738453336087707,1.6493235597586702,0.0,2.1687593950123456,3.945467488131893,0.0012479124932080572,0.31764705882352934,56.0
101,0.026670403866768205,0.7768380500394084,0.0,3.1422575850782715,3.945766038984448,0.0003445952249287851,0.2063348416289593,56.0
127,0.46778426798338085,1.0980597910773684,0.0,2.4062090782916905,3.9720531373524395,-0.0005594449916911286,0.27873303167420815,56.0
105,0.2220642119478123,0.9506848367993332,0.0,2.8027349636350753,3.975484012382221,-0.00019009154671319542,0.232579185520362,56.0
106,0.6281201578873756,1.0795781625449241,0.0,2.2786963483652256,3.9863946687975256,0.002004346916334587,0.20904977375565612,56.0
139,0.10199918371570484,0.9408295618049801,0.0,2.946368828242046,3.9891975737627314,7.360661744611066e-05,0.14479638009049775,56.0
167,0.21933320079297253,0.6704877518126626,0.0,3.10206474596,3.991885698565635,0.0014413844811491825,0.12126696832579185,56.0
231,0.064003901649537,0.5100663899391717,0.0,3.4247481595189373,3.998818451107646,0.0010674649040734027,0.09049773755656108,56.0
233,0.03079023739352747,0.6969658173916122,0.0,3.2711605367911227,3.9989165915762626,0.0009328609001283007,0.09049773755656108,56.0
239,0.19380774955213081,0.5971061830273541,0.0,3.213202278697072,4.004116211276557,0.0013926013449006604,0.08778280542986425,56.0
109,0.9496735651682834,0.9384904833821917,0.0,2.1236639988638553,4.01182804741433,0.002320324739096122,0.23529411764705882,56.0
116,0.13876910583454755,1.1895473285726943,0.0,2.686624354204639,4.014940788611881,-1.8673536849585053e-05,0.24796380090497736,56.0
129,0.6169099169026403,0.915127655005779,0.0,2.484112282094259,4.016149854002679,0.0019920111164201133,0.1601809954751131,56.0
108,0.7102436012787288,0.8790074037380122,0.0,2.4311018561462614,4.020352861163002,-0.0008352080413016778,0.20904977375565612,56.0
115,0.8373245403041372,0.8131941482867963,0.0,2.382810692899037,4.0333293814899704,0.0022170818746100216,0.1936651583710407,56.0
114,0.3145898154504958,1.0358052866766134,0.0,2.6851953935997646,4.035590495726874,0.0016020943850835814,0.19638009049773755,56.0
269,0.21988030457571506,1.550585483467937,0.0,2.266043744678503,4.036509532722155,0.0014423980887222927,0.35384615384615387,56.0
112,1.2321095800337476,1.2808287884484886,0.0,1.5292953553763167,4.042233723858553,0.002555595344374247,0.22986425339366515,56.0
187,0.014913332337455058,1.5414558362673503,0.0,2.495343574415281,4.0517127430200865,0.00041611910033702466,0.31764705882352934,56.0
200,0.07311102182767665,0.7534049829564288,0.0,3.2292574156516,4.055773420435705,0.00015866063323014684,0.10588235294117647,56.0
157,0.2582429801864512,0.6796128243267375,0.0,3.126852852259903,4.0647086567730915,-0.0002542332939510939,0.1420814479638009,56.0
227,0.18778659756883542,0.733876544427797,0.0,3.1575791681131453,4.079242310109778,0.0013806331120957104,0.1004524886877828,56.0
224,0.055145562524800705,0.8377963556140469,0.0,3.1926299061333854,4.0855718242722325,0.0010359333895102985,0.10316742081447962,56.0
201,1.3621414784342722,0.857996013710314,0.0,1.8655860565303268,4.085723548674913,-0.0013984110742296715,0.1085972850678733,56.0
395,0.904173088066484,0.4578416419694056,0.0,2.731111000741329,4.093125730777219,0.0022792901920007467,0.03619909502262444,56.0
204,0.3280971122197244,0.5646844275188112,0.0,3.2056977097690353,4.098479249507571,-0.0003664428485618369,0.1085972850678733,56.0
125,0.5480388027087043,1.0706666395780757,0.0,2.4842410869762652,4.102946529263045,-0.0006572898640442836,0.19909502262443438,56.0
119,0.03634583935122069,1.0012018470010708,0.0,3.0655008405046638,4.103048526856956,0.0009592098756246812,0.21447963800904976,56.0
121,0.4158704351973196,0.877579098677666,0.0,2.8110417751264247,4.104491309001411,0.001747947999810164,0.21176470588235294,56.0
124,0.37402326327526947,0.9363009672334454,0.0,2.797239263719997,4.107563494228712,-0.0004337753566700433,0.22986425339366515,56.0
258,1.0021947795019632,0.7658643878655718,0.0,2.3503397819737497,4.118398949341285,-0.0011101468492937068,0.09049773755656108,56.0
242,0.08042676435704041,1.4745651123228654,0.0,2.5776649635237905,4.132656840203696,0.00013573021286556364,0.3357466063348416,56.0
168,1.3153486418004108,0.8179062908917851,0.0,2.0080890091141774,4.141343941806373,-0.001363297915067293,0.13936651583710405,56.0
163,2.0920644350625643,0.6994435574244514,0.0,1.3552973784804272,4.146805370967443,-0.0018833717633576193,0.14479638009049775,56.0
136,0.00302586619994034,1.2022239697078756,0.0,2.951562033167006,4.156811869074822,0.0005326536997591787,0.2506787330316742,56.0
132,0.3603237820458335,1.4474945231501406,0.0,2.3559287624215233,4.163747067617497,-0.0004141458118554521,0.232579185520362,56.0
133,0.943274062326903,1.0354410148016984,0.0,2.1861724493657735,4.164887526494375,-0.0010582735843086728,0.232579185520362,56.0
156,1.356143146300777,0.6970764350735853,0.0,2.113742669514654,4.166962250889016,-0.0013939440202839336,0.1601809954751131,56.0
148,0.09061054770388786,1.3538298109500786,0.0,2.7322319132864563,4.176672271940423,0.0011508577354382922,0.26334841628959277,56.0
309,0.2218828092962531,0.6592950591876914,0.0,3.2961093211253707,4.177287189609315,-0.00018975726243279818,0.07239819004524888,56.0
310,0.7307437944410812,0.602902310783968,0.0,2.845249372415282,4.1788954776403315,-0.0008561769939054702,0.07239819004524888,56.0
146,0.06313206286685843,0.9159636463236731,0.0,3.2032086436536296,4.182304352844161,0.0010644626847646117,0.17828054298642534,56.0
161,0.3416425199203283,1.2003189819377296,0.0,2.6440405621724796,4.1860020640305375,-0.00038676638023598525,0.281447963800905,56.0
162,0.6471433409230536,1.0943254609934863,0.0,2.4467481802205797,4.18821698213712,-0.0007686907409968323,0.281447963800905,56.0
244,0.16920784953386867,0.6203023546637033,0.0,3.400721376536387,4.1902315807339585,-8.61011430117306e-05,0.10316742081447965,56.0
149,1.4207862800678714,0.6601597930781637,0.0,2.120012634006233,4.200958707152267,-0.0014415769497916732,0.1755656108597285,56.0
190,0.3478044362402601,1.503108998178177,0.0,2.3689798056843014,4.2198932401027385,-0.00039587825183481917,0.302262443438914,56.0
211,0.659184814627299,0.6509143156889311,0.0,2.9167904035735157,4.226889533889746,0.0020379667331899875,0.12126696832579185,56.0
179,0.5436027748175859,0.8282005132002366,0.0,2.8560265947878065,4.227829882805629,-0.0006520768005075777,0.14479638009049775,56.0
152,0.5951220937517061,0.994584511569071,0.0,2.640026747337827,4.229733352658604,-0.000711370671608184,0.17828054298642534,56.0
147,0.6098339559161623,1.0097558621613139,0.0,2.611142540327341,4.2307323584048175,-0.0007278268135590352,0.1909502262443439,56.0
158,0.5192105159539891,0.7801725485521961,0.0,2.9399779436524835,4.239361008158669,0.0018793639765884965,0.1755656108597285,56.0
185,0.24323462942644705,0.7010272958595771,0.0,3.2993115038475795,4.243573429133604,-0.00022820811488369547,0.1420814479638009,56.0
151,0.5099198119749904,1.247131132666759,0.0,2.491276711643384,4.248327656285133,-0.0006117789611420994,0.24796380090497736,56.0
209,0.8859564853465435,0.8444329524974543,0.0,2.5179900228314436,4.248379460675441,0.00226257279473421,0.12398190045248868,56.0
150,0.2814667389298055,0.8839223465497048,0.0,3.0873133310371013,4.252702416516612,-0.0002930564525667305,0.18823529411764703,56.0
171,0.11692899087881765,0.9082168769127158,0.0,3.232707540183986,4.257853407975519,0.0012219342249493257,0.15746606334841629,56.0
327,0.7837051462924176,0.3793792746191795,0.0,3.10043394275795,4.263518363669547,0.00216536601768409,0.06968325791855204,56.0
225,1.1494039458926932,0.604650512039207,0.0,2.5103346937814917,4.264389151713392,0.0024897823032249905,0.12126696832579185,56.0
302,0.49088277381507656,1.3991810390042114,0.0,2.3844689952086653,4.274532808027953,-0.000588413050903628,0.351131221719457,56.0
155,0.05563376503168513,0.8800014769045366,0.0,3.350035395362409,4.285670637298631,0.00021860573919567057,0.1936651583710407,56.0
221,0.13909556904907938,0.6789475311504366,0.0,3.4728055980763552,4.290848698275871,-1.9433960378464378e-05,0.12669683257918551,56.0
189,0.5654499844875992,0.7956926379087703,0.0,2.936132848529,4.29727547092537,-0.0006775497262856336,0.14479638009049775,56.0
154,0.1855065595597945,0.9760587777745584,0.0,3.136357135529427,4.29792247286378,0.0013760510920428366,0.21447963800904976,56.0
173,0.043674476144571074,1.2612793475731439,0.0,2.9995592634074058,4.3045130871251205,0.0009910531515681387,0.2687782805429864,56.0
170,0.005552816238923684,1.317854407124418,0.0,2.984445254178076,4.3078524775414175,0.0004987774269723938,0.2660633484162896,56.0
177,0.38848329120844993,0.9551831490984204,0.0,2.9772996945691665,4.320966134876037,-0.00045410851089153995,0.16289592760180996,56.0
160,0.5214878576890941,1.181963956349319,0.0,2.6191696666094932,4.322621480647906,0.0018821049442710753,0.24796380090497736,56.0
246,1.3424333946814686,1.433409307471394,0.0,1.55236646290577,4.328209165058633,0.0026400370193460122,0.31764705882352934,56.0
196,0.054887906195797885,0.6774189310427104,0.0,3.6029629765434823,4.3352698137819905,0.00022136043265291814,0.1420814479638009,56.0
182,1.1281551172809103,0.7115535645776409,0.0,2.500089506092992,4.339798187951543,-0.0012161542701032918,0.1601809954751131,56.0
174,0.03102585713602135,0.9871614341149513,0.0,3.3408266422665833,4.359013933517556,0.0009340244890341167,0.1755656108597285,56.0
396,2.1896120151837923,0.5164913966328808,0.0,1.6654619724140758,4.371565384230749,-0.001941258044254322,0.05429864253393665,56.0
169,1.0430050795847825,1.0002164563946312,0.0,2.3306202791806996,4.373841815160113,0.002401526744654144,0.24524886877828056,56.0
235,1.248903918477945,0.5777861556871434,0.0,2.548288670881101,4.374978745046189,-0.0013123467117648216,0.12669683257918551,56.0
172,0.10331962212056531,1.1757158459306138,0.0,3.1007407390197237,4.379776207070902,0.0011863115236308212,0.24796380090497736,56.0
236,1.9775289793523672,0.7190644224359312,0.0,1.6837573840468898,4.380350785835188,-0.001813653696234505,0.12669683257918551,56.0
175,0.8317790158483542,1.034527348025065,0.0,2.5174724567873237,4.383778820660742,-0.0009554714128597952,0.25339366515837103,56.0
349,1.6968260450145602,0.3744595342211023,0.0,2.3157290345141153,4.387014613749778,-0.0016337202874738528,0.06968325791855204,56.0
164,0.3481150569606962,1.4312993166638561,0.0,2.6094175559260377,4.38883192955059,0.0016526755451042518,0.22986425339366515,56.0
183,0.11642647635461077,1.439464976034794,0.0,2.837200220773191,4.393091673162596,0.0012206569694887311,0.26334841628959277,56.0
199,0.2104152181398236,1.1100574486509085,0.0,3.0800323217589227,4.400504988549654,-0.00016834035928194307,0.2841628959276018,56.0
228,1.0691483574809642,1.3983234069687143,0.0,1.9368495688950904,4.404321333344769,-0.0011672739779446297,0.29683257918552036,56.0
385,0.02380225453409081,1.1958890424920343,0.0,3.1902918100533713,4.409983107079496,0.000896063405826748,0.3746606334841629,56.0
202,1.1958479311664767,1.1288682100956275,0.0,2.0925567628409234,4.417272904103028,-0.0012706808403641114,0.2841628959276018,56.0
186,0.21840413841967413,0.966014433432535,0.0,3.2441414349520232,4.428560006804233,0.001439660326541441,0.17828054298642534,56.0
226,0.7446093694242238,0.810190192115641,0.0,2.8780356476938325,4.432835209233698,0.0021265333792235865,0.1420814479638009,56.0
251,1.0336356713648092,0.7116267408822895,0.0,2.691423337882165,4.436685750129263,0.002393543664898526,0.12669683257918551,56.0
180,0.19570136367155477,1.1732845747314515,0.0,3.088508948639839,4.457494887042845,0.0013963267357410612,0.22986425339366515,56.0
343,0.09494443418919596,1.626367161337579,0.0,2.738308679968556,4.459620275495331,0.0011632117676889891,0.3538461538461538,56.0
265,0.9209324571130884,0.586292913927483,0.0,2.96258019452442,4.469805565564991,0.002294522164170857,0.12398190045248868,56.0
290,0.016512308635069833,1.6465193389940385,0.0,2.8162093784193747,4.4792410260484825,0.0004050406625932066,0.3203619909502262,56.0
240,0.40918148502228335,0.7744242622189893,0.0,3.297792099823805,4.481397847065078,0.001738906119011342,0.13936651583710408,56.0
262,0.22576645081325206,0.7337759618696778,0.0,3.525673295184069,4.485215707866999,0.0014532244628800344,0.12669683257918551,56.0
259,0.649348237205234,1.3647082967250277,0.0,2.4727276734769816,4.4867842074072435,-0.0007710683550551552,0.3049773755656109,56.0
191,0.12568193089980487,1.6230799133584977,0.0,2.7407603375780565,4.489522181836359,1.2583242929777028e-05,0.25339366515837103,56.0
213,0.09281232407673892,0.7635498281184704,0.0,3.6363444619491143,4.492706614144324,0.0011571701014557476,0.1601809954751131,56.0
347,1.0930785857299483,1.332358776942046,0.0,2.0726489736928504,4.498086336364844,0.002443596171731048,0.3538461538461538,56.0
210,0.941467579763572,1.0109054857803403,0.0,2.551313932000042,4.503686997543954,-0.0010566579398381196,0.16289592760180996,56.0
207,0.6709804359761243,1.1649946173115826,0.0,2.669253528480286,4.505228581767993,-0.000794184323828529,0.2687782805429864,56.0
312,0.6683254030126673,1.685341424633852,0.0,2.1590135483424953,4.512680375989015,-0.0007913674451832638,0.3330316742081448,56.0
261,0.0008418788039771079,1.2324121045323264,0.0,3.30608599841181,4.539339981748114,0.0006785523191060962,0.29954751131221713,56.0
245,0.8228448645901594,0.8803311064331302,0.0,2.8384126129741944,4.541588583997484,0.00220328360425435,0.14479638009049775,56.0
276,0.4069102733499529,0.7909029088125958,0.0,3.344865466213396,4.5426786483759445,-0.000479479079965644,0.12669683257918551,56.0
197,0.6295320647805648,1.2392024365292453,0.0,2.6765807277703666,4.545315229080177,0.0020058927534604793,0.24796380090497736,56.0
222,0.010846142198704143,1.5011180304988518,0.0,3.0353712218137887,4.547335394511345,0.0008090084044620124,0.2660633484162896,56.0
373,1.28549410218357,0.45803813080864353,0.0,2.8041290339292226,4.547661266921436,0.002596908082303627,0.07239819004524888,56.0
361,0.03528875438084038,1.499793747874004,0.0,3.020769248868517,4.555851751123361,0.0009543603617396621,0.3565610859728507,56.0
220,0.7044288249646445,0.8975404222543898,0.0,2.9555358656088484,4.557505112827883,0.002085545491114991,0.26334841628959277,56.0
208,0.018283342665103598,0.9861667770484345,0.0,3.5540447624571687,4.558494882170707,0.0008629606446548203,0.17828054298642534,56.0
218,0.6967351290410018,0.9896364377261445,0.0,2.881656907342604,4.5680284741097505,-0.0008212248802196656,0.1755656108597285,56.0
198,0.1576710151307798,0.7281433839013549,0.0,3.684019925841911,4.569834324874046,-6.132128686807056e-05,0.1936651583710407,56.0
195,1.4287115157992758,0.8954414212200907,0.0,2.2465199057839547,4.570672842803321,0.0027036816236373383,0.19909502262443438,56.0
303,0.09120568758945545,1.4991172988089498,0.0,2.9861001118169446,4.57642309821535,0.00010376865089808908,0.3230769230769231,56.0
232,0.11524736254517609,1.0948647070135666,0.0,3.370525657530465,4.580637727089208,0.00121764911708005,0.16289592760180996,56.0
214,0.554616759795797,1.4135499280707842,0.0,2.6179802740753915,4.586146961941973,-0.0006649813618301876,0.2506787330316742,56.0
215,0.26684825682844404,1.2218323782747265,0.0,3.1072886083570603,4.595969243460231,0.0015251548289283096,0.24796380090497736,56.0
264,0.9798092187205547,1.0787579205237456,0.0,2.542735650897831,4.601302790142132,-0.001090623221099614,0.1420814479638009,56.0
217,0.3747074647671421,0.8750842981228987,0.0,3.3617272051249385,4.6115189680149795,0.0016910863338762822,0.2425339366515837,56.0
350,0.30298511913320164,0.6968704377199237,0.0,3.6158081331184326,4.615663689971558,0.00158396237265936,0.08778280542986425,56.0
267,0.8964182610847304,0.8116547847641927,0.0,2.922302864748011,4.630375910596934,-0.0010158542467270954,0.14479638009049775,56.0
289,0.6256072889326282,1.5914376717832728,0.0,2.4133553329667743,4.630400293682675,-0.000745251266902329,0.302262443438914,56.0
340,0.5391004915014583,1.7441743703696002,0.0,2.350927941261373,4.634202803132432,-0.0006467640805575127,0.3357466063348416,56.0
249,0.5704762514228512,0.819070187574418,0.0,3.245021835225539,4.634568274222808,-0.0006833401378738982,0.15746606334841629,56.0
260,0.1462748752586131,1.3523965580065498,0.0,3.1413417420599035,4.640013175325066,-3.593647918753826e-05,0.2841628959276018,56.0
216,0.719261978972,1.0093460350462162,0.0,2.911990879690245,4.640598893708461,0.0021008095294091475,0.2171945701357466,56.0
250,1.4311192970363849,1.055497253762413,0.0,2.1542034689745155,4.640820019773313,0.0027054297981394344,0.27601809954751133,56.0
219,0.1732171061303579,1.2185321504408029,0.0,3.25320201569596,4.644951272267121,-9.451367015548238e-05,0.21176470588235294,56.0
294,0.39688355763812805,1.1146651440053748,0.0,3.13593189437162,4.647480596015123,-0.000465747114490803,0.302262443438914,56.0
223,0.0028335276725181707,1.0084941675804888,0.0,3.6361972498841606,4.647524945137167,0.000720600835123097,0.232579185520362,56.0
304,0.4218835570322476,1.3038145805558348,0.0,2.9291351265978913,4.6548332641859735,0.0017560144496025021,0.31493212669683257,56.0
237,0.06295093891107564,1.2023959705664558,0.0,3.39309164148546,4.658438550962991,0.00019250373145676897,0.2606334841628959,56.0
328,0.07364923088890332,1.3369604921564493,0.0,3.25058447510294,4.6611941981482925,0.0010994044636547591,0.33031674208144796,56.0
229,0.9625654083683385,1.0643327653018382,0.0,2.6531661655370766,4.680064339207253,-0.001075431432578941,0.23529411764705882,56.0
257,0.28202636526537794,0.6083806724767309,0.0,3.7910483776041706,4.68145541534628,-0.0002939718122546239,0.1601809954751131,56.0
256,0.8720763319914502,1.0122884524679674,0.0,2.805824901934183,4.690189686393601,0.002249719275629429,0.16289592760180996,56.0
230,0.2603207242174743,1.3114318566544743,0.0,3.1228255885119154,4.694578169383864,-0.0002577759561603317,0.22986425339366515,56.0
234,0.03592814566148905,1.2372516893007415,0.0,3.4391901644566794,4.71236999941891,0.0002990379207425261,0.232579185520362,56.0
287,1.0017425996814842,1.2503899452553657,0.0,2.4611304817961366,4.713263026732987,0.002366094761418935,0.2895927601809955,56.0
270,0.5812395276353447,0.6546787555920991,0.0,3.477784716909753,4.713703000137197,0.0019519946834840557,0.15746606334841629,56.0
379,1.3655079826684,0.6202886293327683,0.0,2.734361695666697,4.720158307667865,0.0026572539668618987,0.08506787330316742,56.0
248,0.9418949710311988,0.8447364873466096,0.0,2.9387591577463015,4.72539061612411,0.002313380432659695,0.17828054298642534,56.0
335,0.9912300942725466,0.5795902952373646,0.0,3.15956451634663,4.730384905856541,0.0023569516301230487,0.1085972850678733,56.0
238,0.7826895464975818,0.9244032044610769,0.0,3.036318960593571,4.74341171155223,0.0021643696722989606,0.2244343891402715,56.0
275,0.8700064487954238,0.6435206974360645,0.0,3.241656493895156,4.755183640126645,-0.0009914536379437774,0.1601809954751131,56.0
241,1.0727491167429979,1.2660892544827482,0.0,2.418172892262448,4.757011263488194,-0.001170294853175862,0.21176470588235294,56.0
285,0.2074673805146283,1.362587275264016,0.0,3.1885428368961835,4.758597492674828,-0.0001627412750163735,0.281447963800905,56.0
273,0.009651008699530644,1.6459329130469218,0.0,3.1051335635450363,4.760717485291488,0.0007987544270802484,0.2687782805429864,56.0
252,0.01877081349156984,1.1064892392005694,0.0,3.6376701684533943,4.762930221145534,0.0008660700507807885,0.18552036199095023,56.0
363,0.9540836675522273,1.6058459563267415,0.0,2.212715251935792,4.772644875814761,-0.0010679090980003653,0.3384615384615384,56.0
333,0.6166333384085558,1.4109860915832593,0.0,2.747337720099029,4.774957150090844,0.001991705357520564,0.3203619909502262,56.0
308,0.16745595276890024,1.8075521617024422,0.0,2.803298389904792,4.778306504376134,0.0013387340235281962,0.302262443438914,56.0
247,0.8439912213392934,1.1508723192268497,0.0,2.7836410009674597,4.778504541533603,0.002223394699985802,0.232579185520362,56.0
282,0.5492433157964987,0.8853413660369915,0.0,3.3442492291893293,4.7788339110228195,-0.0006587017197896864,0.15746606334841629,56.0
278,1.3366746161196508,0.9302006893685048,0.0,2.5294340474266925,4.796309352914848,0.0026357171222028963,0.2687782805429864,56.0
284,0.09718549394663657,1.3542532633421556,0.0,3.35979583344248,4.811234590731273,8.685063459873237e-05,0.16289592760180996,56.0
254,0.14723756656257236,1.4469751537908384,0.0,3.217242783382122,4.811455503735533,-3.811826575134125e-05,0.21176470588235294,56.0
324,1.2008547174467994,0.548699509046341,0.0,3.072993747857735,4.822547974350876,-0.0012746517508791027,0.12398190045248868,56.0
266,0.0006712728552949698,1.1847520527060618,0.0,3.6384250990945857,4.823848424655942,0.0005831814609844428,0.24524886877828056,56.0
323,1.1007571628508424,0.8410476107887246,0.0,2.8848165516874262,4.826621325326993,0.0024499614478676523,0.12669683257918551,56.0
301,1.8719633332166503,1.3858124949740376,0.0,1.5720976991491775,4.829873527339865,0.0030039245228387877,0.2895927601809955,56.0
277,0.7160279494266364,0.906668206393784,0.0,3.2177061485502967,4.840402304370717,0.002097495072875907,0.17828054298642534,56.0
263,0.21677383632786737,0.9937092245425947,0.0,3.637581097792712,4.848064158663174,-0.00018028581179227216,0.21176470588235294,56.0
279,0.2567321568126391,0.9333842098717093,0.0,3.6593611809077524,4.849477547592101,0.0015079884152302604,0.17828054298642534,56.0
268,1.5088837114309044,0.8555944086962903,0.0,2.503422461692921,4.867900581820115,0.0027611205263469857,0.21447963800904976,56.0
288,1.8126498287924717,1.1351793335666815,0.0,1.9261139941189116,4.873943156478065,0.002965983451369419,0.2579185520361991,56.0
388,1.1679989445251346,1.4897820923291467,0.0,2.2188147742278357,4.876595811082117,0.002504780421073348,0.3384615384615384,56.0
274,0.6253369387865813,0.8153016581985023,0.0,3.441865526855121,4.882504123840205,-0.0007449544794572785,0.20904977375565612,56.0
352,0.4121993035911501,1.4648672766359991,0.0,3.0061788736549584,4.8832454538821075,0.0017429945764083346,0.3203619909502262,56.0
280,0.8416717999845841,1.3052707845513694,0.0,2.7381482024585004,4.8850907869944535,0.002221201227141741,0.24796380090497736,56.0
281,0.2996509505132776,1.3309290548235824,0.0,3.2753272933460518,4.905907298682912,-0.0003223487538106199,0.2425339366515837,56.0
298,1.5411935795934026,1.3322988859330969,0.0,2.050902214455512,4.9243946799820115,-0.0015274959902154789,0.26334841628959277,56.0
283,0.693374600784129,1.141225838473026,0.0,3.1057993932930295,4.9403998325501846,-0.0008177252575993833,0.21447963800904976,56.0
286,0.23524459172833556,1.1819098519600482,0.0,3.5275455613613875,4.944700005049771,0.0014703651542486724,0.21176470588235294,56.0
291,2.094032523576487,1.0433383565773717,0.0,1.8075928033075461,4.944963683461405,-0.001884552839467354,0.19638009049773755,56.0
371,1.491320122252716,0.5392905027275843,0.0,2.915137318060899,4.9457479430412,-0.0014923301772153882,0.1085972850678733,56.0
295,1.006580649884414,0.6467368124182211,0.0,3.297235504400623,4.950552966703258,-0.0011139463650112827,0.1936651583710407,56.0
365,0.16380890626197186,1.3843458543507652,0.0,3.4129835470867524,4.961138307699489,-7.461358072577591e-05,0.3203619909502262,56.0
296,1.7658336485116028,0.9974250559727549,0.0,2.2143379080089094,4.977596612493267,0.0029355960439556347,0.19909502262443438,56.0
345,1.1585194326053618,1.616499745418446,0.0,2.211033417162884,4.986052595186692,-0.0012408094839842562,0.302262443438914,56.0
316,1.694864205900541,0.6840858637221191,0.0,2.6116845308351433,4.9906346004578035,0.0028887524428542503,0.16289592760180996,56.0
355,0.058496012245672455,0.7123632019436297,0.0,4.223679472346242,4.994538686535544,0.00020820223381814908,0.12398190045248868,56.0
330,1.1117407433932616,0.9981657576044435,0.0,2.887648253711891,4.997554754709596,-0.0012026878793821045,0.1420814479638009,56.0
386,0.5583055400344809,1.1037987971746461,0.0,3.33823137127902,5.000335708488147,0.0019256147497728915,0.1085972850678733,56.0
374,0.0016055276826098892,1.5963779548642278,0.0,3.4055304381674834,5.003513920714321,0.0006977464286879436,0.3203619909502262,56.0
338,0.03028777816514326,0.6650061591712678,0.0,4.313799525792702,5.009093463129114,0.0003259755295830294,0.1420814479638009,56.0
322,1.4312567526649638,0.710269985021395,0.0,2.868020483087769,5.009547220774127,-0.0014491894421022468,0.15746606334841629,56.0
351,0.9317517469874042,1.766662037116213,0.0,2.315805163610202,5.014218947713819,-0.001047941782432269,0.3049773755656109,56.0
331,1.6187570879396658,0.8349669391180825,0.0,2.563259221421175,5.016983248478923,-0.001581074162735385,0.14479638009049775,56.0
299,1.0767508157641903,0.66129769389553,0.0,3.28771363374278,5.025762143402501,-0.0011736461568223203,0.2063348416289593,56.0
300,0.8703196083257988,0.9601136378016037,0.0,3.1957685430942537,5.026201789221656,-0.00099174510415211,0.19638009049773755,56.0
314,1.0949517877474597,0.7769239870574929,0.0,3.168601038143112,5.040476812948064,-0.001188810936540662,0.1755656108597285,56.0
311,1.5047937310615453,0.6035788172096804,0.0,2.9342411786515687,5.042613726922795,-0.0015018876652561387,0.17828054298642534,56.0
372,1.7899217741022773,0.5793930975784007,0.0,2.692512596417168,5.061827468097846,0.002951280788345757,0.12126696832579185,56.0
305,0.0037389622186414628,1.1668585956689714,0.0,3.9018661424580676,5.072463700345681,0.0005219935511933463,0.232579185520362,56.0
307,1.481515679912885,1.1006205704579017,0.0,2.494264954876402,5.076401205247189,0.0027416883519964675,0.22986425339366515,56.0
318,1.612842345639029,0.9397470549441878,0.0,2.524638296135677,5.077227696718893,0.002833374425294961,0.18099547511312217,56.0
306,0.0124530764744659,1.2019730260221662,0.0,3.8691738099136392,5.083599912410271,0.0008219421411742537,0.2171945701357466,56.0
315,0.1577903776688123,0.872573981187971,0.0,4.075996243731355,5.106360602588138,-6.158222216597498e-05,0.19909502262443438,56.0
392,0.004974749284830235,0.7911172070638172,0.0,4.312633467099996,5.108725423448643,0.0007506425280651785,0.11855203619909503,56.0
319,0.00013110984471697903,0.8949767392270304,0.0,4.217185586592616,5.1122934356643635,0.0006480525350097193,0.1936651583710407,56.0
336,0.41175351857862075,1.417592838553404,0.0,3.3072131887664367,5.136559545898462,-0.00048605147192636836,0.2687782805429864,56.0
387,2.3943983978082257,0.6223153499410125,0.0,2.1241079850160904,5.140821732765328,-0.002058727400825967,0.12398190045248868,56.0
344,1.1255276782753616,0.9504989360263703,0.0,3.070221144010134,5.1462477583118655,0.0024703454420872567,0.15746606334841629,56.0
360,1.6453977237171957,0.7490407305563956,0.0,2.756563730824433,5.151002185098024,0.002855519365445101,0.13936651583710405,56.0
320,1.6356761350935816,1.1207842963444592,0.0,2.3967591745818755,5.153219606019916,-0.0015925895241609765,0.22986425339366515,56.0
359,2.7938684565978824,0.6860841796167264,0.0,1.6881503660245365,5.168103002239145,-0.002274220570946674,0.1420814479638009,56.0
325,0.006588657760003607,1.2121410416032723,0.0,3.9552194822777835,5.17394918164106,0.0007691156030547137,0.24524886877828056,56.0
369,1.5366282451866573,0.5945619678604273,0.0,3.077396538960733,5.208586752007818,-0.0015243008577762755,0.1420814479638009,56.0
326,0.9496850835532524,0.938193970141186,0.0,3.325425846311148,5.213304900005586,-0.0010639948893657212,0.22714932126696835,56.0
332,0.5058361345204295,1.0910748567300725,0.0,3.6384034214576055,5.2353144127081075,0.0018631440449412293,0.19909502262443438,56.0
339,2.0965670278716035,0.8692343665790951,0.0,2.275722337929951,5.241523732380649,-0.0018860730119192037,0.19638009049773755,56.0
334,1.2698413678261524,1.043086224171258,0.0,2.9325873153321678,5.245514907329579,0.0025848852669301484,0.22986425339366515,56.0
337,1.4115893883289063,1.1645687289587858,0.0,2.6704730142494553,5.246631131537147,-0.0014348672342765966,0.232579185520362,56.0
376,1.6435199220035432,0.7541201130721155,0.0,2.8536923729187085,5.251332407994367,-0.0015979079155381106,0.14479638009049775,56.0
341,0.8109385879055189,1.1889571372640964,0.0,3.2519152416312327,5.251810966800848,0.0021918464100609833,0.23529411764705882,56.0
348,0.05342344805739042,1.5557816141671028,0.0,3.6427977508399723,5.252002813064466,0.0010295159671534608,0.26334841628959277,56.0
362,0.18026271081575665,1.0708174780434478,0.0,4.005469351883454,5.256549540742658,0.0013654048681635703,0.2787330316742081,56.0
377,2.192261719656058,0.8851741226862617,0.0,2.1822465208772828,5.259682363219603,-0.0019428122389301217,0.14479638009049775,56.0
383,2.035262403017168,0.8905100884697559,0.0,2.3563255176305367,5.28209800911746,-0.001849041462262283,0.14479638009049775,56.0
342,2.2442289843660106,0.8895289953989464,0.0,2.1489348924599723,5.28269287222493,0.0032294462658474365,0.22986425339366515,56.0
394,1.3346056842928398,0.5415715482656722,0.0,3.4211188469197706,5.297296079478283,0.0026341628596981597,0.1420814479638009,56.0
346,0.37568401523656836,1.1184323434020729,0.0,3.8282922553584666,5.322408613997108,0.0016924705016241937,0.21447963800904976,56.0
356,0.06523506271658641,1.2535007293388432,0.0,4.019219648428598,5.337955440484027,0.0001846702563807163,0.24796380090497736,56.0
375,1.0825657604148469,0.6668542655958019,0.0,3.589357255253701,5.33877728126435,-0.0011785049197303634,0.1601809954751131,56.0
364,1.6019985097936262,0.8527083314519955,0.0,2.8900665834239114,5.344773424669533,0.002825948651755811,0.1728506787330317,56.0
354,1.888472576495522,0.655968262995596,0.0,2.802969147878408,5.3474099873695256,-0.0017580375569990064,0.1909502262443439,56.0
390,1.5484416497579916,1.1837756937251926,0.0,2.6348970608406215,5.3671144043238055,-0.0015325589790678978,0.2787330316742081,56.0
366,0.7497882106472501,1.3831016972500723,0.0,3.2520623784533815,5.384952286350703,0.0021317349924712646,0.18099547511312217,56.0
357,0.517244893166348,1.2597630924592944,0.0,3.608259253710421,5.385267239336064,0.001876993351096653,0.22986425339366515,56.0
380,1.4512933879792187,0.9433821964856939,0.0,2.996220686843181,5.390896271308094,-0.001463679725162639,0.2660633484162896,56.0
391,0.48822364157693976,0.8829931609005818,0.0,4.036468088539705,5.407684891017226,0.001841453547445194,0.16289592760180996,56.0
397,1.8782050297589625,1.0565434375629272,0.0,2.499220460080446,5.4339689274023355,0.0030078819716467305,0.2687782805429864,56.0
393,0.4985984346532772,1.1748381883766097,0.0,3.76229324104303,5.435729864072917,0.0018542769685338956,0.2660633484162896,56.0
368,1.6183503696950767,1.0319724425680052,0.0,2.790322850134937,5.440645662398019,-0.0015807966052239705,0.232579185520362,56.0
378,0.7614107332969806,1.1487643019759048,0.0,3.571688371207533,5.481863406480419,0.0021433436147253984,0.232579185520362,56.0
381,1.6924140226217341,1.143857874103198,0.0,2.6651469747735343,5.501418871498466,-0.0016307777329299345,0.2244343891402715,56.0
382,0.6782350197756085,1.1326786209215394,0.0,3.6984873632964494,5.509401003993597,0.0020581929510136883,0.21447963800904976,56.0
398,1.5970325892110808,1.0903029271752294,0.0,2.8263548843442208,5.513690400730531,-0.0015661995279524958,0.24796380090497736,56.0
389,3.0627602025277567,0.8185457573106442,0.0,1.6477339887582676,5.529039948596669,0.0036670208936737314,0.22986425339366515,56.0
399,0.7523858310733001,0.8248636185859498,0.0,3.986041202111866,5.563290651771116,0.00213433727001687,0.20904977375565612,56.0
